,LIMIT_BAL,SEX,EDUCATION,MARRIAGE,AGE,PAY_1,PAY_2,PAY_3,PAY_4,PAY_5,PAY_6,BILL_AMT1,BILL_AMT2,BILL_AMT3,BILL_AMT4,BILL_AMT5,BILL_AMT6,PAY_AMT1,PAY_AMT2,PAY_AMT3,PAY_AMT4,PAY_AMT5,PAY_AMT6,default
2379,500000,2,1,1,41,0,0,0,0,0,0,190730,194336,197284,199489,201484,204017,8501,8001,6701,6321,6401,6379,0
5644,500000,1,1,1,42,1,1,0,0,0,0,9615,9996,177741,163299,159110,135658,1054,177080,4425,5666,4825,100225,0
15775,50000,2,2,1,24,0,0,0,-2,-2,-2,25207,25435,0,0,0,0,1000,0,0,0,0,0,0
22779,350000,2,1,1,41,-2,-2,-2,-2,-2,-2,5037,14994,3101,17321,-22,4443,15069,3116,17414,0,4465,9434,0
16830,50000,1,2,1,46,0,0,0,0,0,0,43719,44290,41245,42081,20328,20391,1700,1924,2015,1000,663,10000,0
1060,60000,2,3,1,34,0,0,0,2,0,0,9928,11261,12853,12352,12703,13338,1500,2090,0,700,1000,1400,1
3520,180000,1,1,1,44,1,-2,-2,-2,-2,-2,0,0,0,0,0,0,0,0,0,0,0,4003,0
1056,190000,2,1,2,33,1,2,0,0,0,0,115056,108137,89722,69861,49894,49727,0,4413,2942,2000,1583,1500,0
22237,220000,2,1,1,33,0,0,0,0,0,0,199040,182158,143895,147039,152384,159631,10032,7000,7500,10000,10000,7000,0
12105,200000,2,1,2,59,0,0,0,0,0,0,180887,166921,155945,109271,36753,78079,10000,30000,7,7000,73000,700,0
778,50000,2,1,1,32,2,0,0,-1,0,-1,47858,49223,42589,639,4639,2312,2500,3000,7000,4000,2413,2000,1
29711,30000,1,2,2,38,0,0,2,2,2,2,29770,27400,28935,28934,30313,30330,6000,2273,780,2635,1033,611,0
110,330000,2,1,1,31,0,0,2,0,0,0,105879,108431,105594,105896,106491,107289,9260,0,3593,4100,15794,0,0
25379,20000,2,3,1,26,0,0,0,0,0,0,13548,14919,17057,13450,7944,780,1605,3130,1275,159,0,0,0
336,260000,2,1,2,30,0,0,0,0,0,0,156882,160246,159988,158114,158762,159108,10000,8000,6000,7000,7000,6000,0
19807,60000,2,2,1,37,0,0,0,0,0,0,38670,37606,35189,31373,28455,26598,1606,1674,1420,937,1006,1039,0
674,320000,2,1,1,41,0,0,0,0,0,0,97797,99672,101953,102284,104090,105859,4520,5050,3590,3700,3750,3510,0
9957,30000,2,2,1,33,2,0,0,2,2,0,31947,31564,34804,33808,31740,31135,1872,5550,1238,0,1515,4665,1
27568,210000,1,2,1,53,1,-1,2,-1,-1,-1,-197,3195,1821,1683,0,1986,3392,2,1683,0,1986,1188,0
16095,140000,2,2,1,36,1,2,3,2,0,0,59379,63007,61459,59798,61287,8383,5200,0,0,3009,1000,94000,0
25975,300000,2,2,2,34,0,0,0,0,0,0,297890,216495,221737,224774,182544,92014,7800,8705,8500,6820,2700,3200,0
25482,200000,2,1,2,29,0,0,-1,0,0,0,7298,1467,439,2257,43720,43968,1000,439,2000,42000,1700,2000,0
20251,90000,2,3,1,54,-2,-2,-2,-2,-2,-2,0,0,0,0,1805,0,0,0,0,1805,0,0,1
14621,500000,2,1,2,27,-1,-1,-1,-2,-2,-1,33299,60857,26324,26091,9558,4242,60957,27056,26096,9605,4242,930,0
1871,50000,2,1,2,26,0,0,0,0,0,0,41003,42032,42699,43617,44509,45420,1733,1400,1300,1271,1300,4500,0
25695,270000,2,1,2,34,0,0,2,0,0,0,67544,54523,18865,44908,19508,15860,4025,5,34000,0,0,0,0
25900,500000,2,2,2,28,0,0,0,0,0,0,234957,215459,201715,141177,130352,126422,8086,7412,4721,3854,3622,3433,0
8489,180000,2,2,2,34,-1,-1,-1,-1,-1,-1,194,191,187,176,188,187,200,187,180,200,187,750,0
8065,70000,2,2,1,44,0,0,0,0,0,0,79867,79593,29340,28026,28605,28705,2163,2000,2000,1000,5000,322,0
1574,230000,2,3,1,43,1,-1,2,-1,0,-1,0,3832,1823,3646,1823,1823,5655,0,3646,0,1823,1823,0
21086,60000,1,2,2,42,0,0,0,-1,0,0,78291,70154,69940,60170,29261,30233,3000,1405,60941,1056,2100,1101,0
4226,320000,1,1,1,43,-1,-1,-1,0,0,-1,3274,86251,14857,12157,8690,4166,86682,14871,260,43,4186,904,1
28710,60000,2,2,1,39,0,0,0,0,0,0,32734,32234,32136,31204,30330,29934,1506,1881,1422,1021,1500,1056,0
504,30000,1,6,1,53,-2,-2,-2,-2,-2,-2,0,0,0,0,0,0,0,0,0,0,0,0,0
5792,190000,2,2,2,26,-1,-1,-1,-1,-1,-1,11613,10000,10000,10000,10000,10941,10000,10000,10000,10000,10941,79027,0
10886,120000,2,3,1,47,0,0,0,0,0,0,16224,16085,17677,16450,18407,15841,2001,2317,1002,3009,1000,1000,0
9967,30000,2,2,2,24,0,0,0,2,0,0,18220,20606,22880,22217,23694,24151,3000,2620,0,2000,1000,1000,0
4197,160000,2,2,2,25,-1,-1,-1,-1,-1,-1,21570,7501,10703,12448,2129,24461,7545,10841,12448,2141,24603,16897,0
28837,340000,2,1,1,46,0,0,0,0,0,0,94915,92955,89689,81996,83439,71239,3224,4000,3504,4349,3000,3098,0
17299,260000,2,2,1,36,0,0,0,0,0,0,59127,60344,61641,60715,57116,58318,2200,2300,2200,2060,2119,2293,0
19578,220000,2,2,1,32,0,0,0,0,0,0,28853,29145,27171,22067,17831,15671,2000,4000,1420,2000,3000,30789,0
28378,260000,2,5,2,39,0,0,0,0,0,0,174591,175093,176088,155624,141976,141305,10000,10000,7619,7000,8000,7000,0
15515,140000,1,3,1,37,-1,-1,-1,-1,-1,-1,13806,1003,1170,1003,1003,1003,1003,1170,1003,1003,1003,1003,1
20572,30000,1,3,2,28,0,0,0,0,2,2,22634,23638,24689,28809,30052,29057,1385,1440,4560,2001,1,1228,1
2302,60000,2,1,1,29,0,0,0,3,2,2,51855,53220,59244,57889,59017,56637,2200,7000,0,2013,7577,13,0
26282,460000,2,2,1,40,0,0,0,0,0,0,133102,126956,126758,121857,122830,90219,5015,5032,4407,4040,3001,3109,0
5171,70000,1,3,1,46,2,2,2,2,2,2,29258,31137,32855,33316,34137,33439,2352,2531,1300,1500,0,1400,1
27047,140000,1,1,2,36,2,0,0,0,0,0,75384,74177,65336,53578,49288,43870,4000,4000,3500,2000,2500,1800,1
16506,150000,1,2,2,23,2,0,0,-1,0,0,17635,151686,147474,7474,8173,87500,135018,3000,120000,823,80000,3684,1
4497,210000,1,1,1,38,1,-2,-1,0,-1,-1,-9,-9,1739,1739,475,475,0,1748,0,800,475,975,1
13897,80000,1,2,1,54,1,3,2,2,2,0,47339,47270,46037,48457,47722,48678,967,0,3012,0,1569,1396,0
7513,490000,2,1,2,29,-2,-1,-1,0,0,0,4301,16230,28800,27870,27540,27630,16388,28800,0,0,6136,3080,0
6590,400000,2,2,1,42,-2,-2,-1,0,0,0,0,641,1290,1319,694,697,641,1290,29,0,3,703,0
24102,50000,1,2,1,29,1,2,0,0,0,2,23451,22781,24108,25203,26681,26117,0,2000,1800,2200,0,2250,1
24083,110000,1,1,2,28,0,0,0,0,0,0,102282,104196,105922,108820,66883,68083,5200,5000,5000,2100,2000,2000,0
24938,210000,1,1,1,40,2,2,2,2,2,0,151258,141669,134301,124218,110114,101559,5000,7000,4200,0,4000,6500,1
15620,180000,2,2,1,40,0,0,0,0,-2,-2,22523,20831,1537,-43,-43,-43,2045,1000,0,0,0,0,0
25839,70000,2,3,2,42,0,0,2,0,0,0,69362,71775,70050,70415,48405,46514,6000,0,3000,1000,1500,2000,1
21834,140000,2,2,1,27,0,0,0,0,0,0,125792,126771,132730,124689,105447,106704,5000,10000,5000,5000,5000,5000,0
16786,90000,1,2,2,29,0,0,0,-2,-2,-2,70559,51550,0,0,0,0,3000,0,0,0,0,0,0
29980,50000,1,3,2,42,0,0,0,0,0,0,43998,49123,49397,50360,19971,19694,10000,4000,5000,3000,4500,2000,0
29889,340000,1,2,1,37,0,0,0,0,0,0,71934,78695,80831,81589,83546,85362,8000,4000,3000,3300,3300,4000,0
12479,60000,2,2,1,37,0,0,0,0,0,0,60655,60281,59968,40377,40679,40493,2410,2203,1500,1600,1500,1400,0
3371,140000,2,2,1,36,0,0,0,0,0,0,45849,46909,47928,48731,49793,50812,2100,2100,1900,2000,2000,2100,0
23895,130000,1,2,2,29,1,2,2,2,2,2,88766,91466,93182,90851,96576,98452,5000,4000,0,7200,3500,3600,1
1128,160000,2,1,2,29,1,-2,-2,-2,-2,-2,0,0,0,0,0,0,0,0,0,0,0,0,0
27515,140000,1,3,1,59,-1,-1,-1,-1,-1,-1,2859,3447,0,2061,0,3035,3447,0,2061,0,3035,2302,0
18253,350000,1,1,1,55,-1,-1,-1,-1,-1,-1,3297,11634,12952,39274,5474,14837,11637,12991,39278,6000,14837,931,0
14061,500000,1,1,1,44,-1,-1,-1,-1,-1,-1,6723,17385,32046,32530,18896,17049,17410,32077,32579,18914,17069,16738,0
21918,70000,2,2,1,24,0,0,0,0,0,0,8193,7569,8127,8838,8736,10753,1122,2127,2000,1736,2753,2177,0
25787,160000,2,2,1,37,0,0,2,0,0,0,45966,48783,47681,46039,47197,46683,3900,0,1742,1900,1703,3612,0
18879,300000,2,1,2,28,1,-2,-2,-2,-2,-2,0,0,0,0,0,0,0,0,0,0,0,0,0
5481,150000,2,2,1,39,-1,0,0,0,0,-1,12365,58266,40921,24053,25856,77913,53444,20144,14182,16819,78287,15679,0
7300,10000,2,1,2,26,0,-1,-1,0,0,0,9459,231,3364,6129,9009,9188,231,5000,3000,3000,329,340,0
28600,130000,2,3,2,40,0,0,0,0,-2,-2,98874,99363,101618,-32,-32,-32,5000,5000,3000,0,0,1000,0
12650,500000,2,1,1,38,0,0,0,0,0,0,105587,105478,100026,86265,67539,53676,3627,3059,2670,2331,2406,1645,0
5622,130000,1,3,2,45,0,0,-1,0,-1,-1,13513,11800,2522,1261,390,390,1000,2522,0,390,390,390,0
13464,20000,1,1,2,25,1,-2,-2,-2,-2,-1,0,0,0,0,0,1000,0,0,0,0,1000,0,1
5824,50000,2,3,1,70,2,2,0,0,0,0,54084,51564,50733,30363,30444,30482,0,2504,1200,1500,1100,1301,0
13920,290000,1,2,1,46,0,0,0,0,0,0,196566,168372,171699,133147,135147,127087,7800,7839,4706,5400,4604,4900,0
3491,220000,2,1,2,30,0,0,0,0,0,-1,72546,74618,62379,37137,-669,14069,5206,30176,10258,14000,15070,6029,0
20195,430000,2,5,2,41,-2,-2,-2,-2,-2,-2,2663,20679,6698,2104,888,888,20679,6698,2104,888,888,4232,0
10928,240000,2,2,2,27,1,-2,-2,-2,-2,-2,0,0,0,0,0,0,0,0,0,0,0,0,1
27149,100000,1,1,2,30,2,2,2,0,0,2,33217,34372,33543,34260,36580,37347,2000,0,1580,2900,1500,1600,1
24851,200000,1,1,1,41,-1,-1,-1,2,0,-1,1980,1802,5647,3604,1802,1802,1802,5647,0,0,1802,3829,0
24217,230000,1,1,2,29,2,-1,-1,-2,-2,-1,481,12381,0,0,0,376,12381,0,0,0,376,0,0
21657,160000,2,1,2,27,0,0,0,0,0,0,96441,98353,99864,101900,103924,106101,4406,4000,3699,3719,3851,3880,0
15621,320000,2,1,2,31,0,0,0,0,0,0,77052,65457,62680,62597,60080,55314,3000,3000,3017,2100,3000,3000,0
6143,470000,1,1,2,35,0,0,0,0,0,0,393780,371511,318025,248281,254175,256613,15107,13111,10000,10014,9598,10044,0
29941,50000,1,2,2,45,0,0,0,0,2,0,20638,19834,19387,22574,20483,20121,1314,1340,5000,0,729,793,0
5814,10000,1,3,2,25,-1,-1,-1,-1,-1,-1,3161,390,390,390,0,1280,390,390,390,0,1280,6380,0
27031,260000,1,2,2,29,0,0,0,0,0,2,190074,193244,182514,185491,197985,315366,6847,6846,8186,20000,0,10000,0
14194,340000,2,1,2,42,0,0,0,0,0,0,374245,357516,334316,307974,318240,289763,15917,10126,1000,10521,279000,11000,1
24262,520000,1,1,2,29,0,0,0,0,0,0,464541,388685,280101,184081,108330,89199,15521,10423,7215,4012,3017,3028,0
1832,460000,1,1,2,32,0,0,0,0,0,0,386437,393742,392625,368365,377858,362132,15000,15000,15000,15000,15000,20000,0
8957,480000,2,2,1,37,-1,-1,-1,-1,-1,-1,5269,2217,9731,9272,2718,1498,2217,9731,9272,2718,1498,1138,0
3287,30000,2,1,1,30,2,2,2,3,2,2,12109,12917,13909,13394,13036,15019,1300,1500,0,0,2200,0,1
19948,390000,2,2,2,39,0,-1,-1,0,0,0,27918,3115,278505,288000,264214,266704,3145,278505,15000,9310,10000,9702,0
7298,110000,2,1,1,57,0,0,0,0,0,0,16090,17522,18426,19117,19655,20329,2000,1500,1000,1000,1000,1000,0
5527,30000,1,3,1,52,0,0,0,0,0,0,28889,30050,29797,18464,12235,0,2002,1025,1230,1042,0,0,0
15481,150000,1,1,1,37,-2,-2,-2,-2,-2,-2,22109,10876,10268,5872,3068,2181,10943,10273,5978,3068,2181,3242,1
9324,80000,2,1,1,47,-1,-1,-1,-1,-1,-1,15739,17253,35369,18351,14249,10637,17253,35369,18351,14249,10637,12331,0
17943,80000,1,2,1,35,0,0,0,0,0,0,79875,77201,78535,79296,75274,78051,4000,3500,3322,3000,5007,3000,0
19271,100000,2,2,1,40,0,0,0,0,0,0,89236,90828,83479,73749,68512,72518,3162,3523,3025,2344,5000,3000,0
9891,50000,1,2,1,32,0,0,0,0,0,0,50669,48942,27836,40346,38668,20016,1613,1484,3675,698,1000,706,0
9112,30000,2,2,2,22,0,0,-2,-2,-2,-2,18830,0,0,0,0,0,0,0,0,0,0,0,0
14853,290000,1,2,1,39,0,0,0,0,0,0,209265,215887,220787,223810,228043,234257,10000,10000,8165,9000,10000,7010,0
28388,390000,2,1,1,42,0,0,0,0,0,0,310075,184647,90383,55212,29701,-1429,10021,4000,15046,20000,0,10090,0
2019,50000,2,2,1,36,2,0,0,0,0,0,50922,50367,41627,42297,43031,45837,1715,1991,1661,1566,3526,0,1
9287,80000,2,2,2,34,1,3,2,0,0,-2,84054,82194,78715,26681,0,0,3,5,1075,0,0,0,1
11328,250000,1,1,2,30,0,0,0,0,0,0,6476,10023,12947,16095,23343,26028,5000,5000,4000,10000,4000,5000,0
3298,230000,2,2,2,26,-1,-1,-1,4,3,2,8328,0,600,600,300,150,0,600,0,0,0,686,1
10619,80000,1,2,2,26,-1,0,0,0,0,0,2159,4132,5949,7144,5309,500,2000,2002,2005,15,523,0,0
26640,20000,1,1,2,23,2,2,2,2,2,2,5996,7040,7897,7622,8294,8016,1300,1128,0,800,0,1500,1
22943,80000,2,2,1,34,-2,-2,-2,-2,-2,-2,0,0,0,0,0,0,0,0,0,0,0,0,0
9501,330000,2,1,2,34,0,0,0,0,0,0,173630,178833,187820,190202,194964,199008,8000,12000,7000,8000,7287,7400,0
28195,200000,2,3,1,48,-2,-2,-2,-2,-2,-2,119139,5844,3666,37005,47376,1292,5844,3694,37177,47376,1292,46626,0
4788,120000,1,2,1,52,2,0,0,0,0,0,107269,106791,105262,46605,45590,46204,4449,2731,3000,5000,3000,3000,0
11341,60000,2,1,2,23,0,0,0,0,0,0,27369,27961,28509,28628,28785,28921,1466,1452,1009,1040,1048,856,0
27154,20000,1,2,1,43,2,2,2,2,4,3,14301,17069,17818,20251,19657,19072,3000,1300,3000,0,0,0,1
11750,50000,2,2,2,28,0,0,0,-1,0,0,59321,56454,53278,19437,19845,19911,2329,2353,39886,704,730,656,0
20250,100000,2,2,1,52,0,0,0,0,0,0,39555,40550,41587,42602,43327,47950,1955,1992,2007,1732,5506,0,0
890,150000,2,3,1,34,-1,-1,-1,-1,-1,-1,772,337,618,150,150,377,340,618,150,150,227,0,0
433,580000,2,1,1,36,0,0,0,0,0,0,159760,162189,166127,169365,168755,167964,6422,6565,5951,6006,5894,5946,0
26171,80000,2,2,1,45,0,0,0,0,0,0,67142,68052,68690,70042,70626,71700,2420,2511,2512,2510,2590,2711,0
6534,170000,1,1,1,35,0,0,0,0,0,0,51207,38528,34688,30542,61032,23711,5000,2000,3000,1000,6000,8753,0
21919,50000,2,2,1,25,0,0,0,0,0,0,59010,57593,56203,54794,53509,52021,2039,2015,2000,2100,2000,2100,1
8093,90000,2,1,2,27,0,0,0,0,0,0,14421,18846,22509,24129,24815,27725,5000,4000,2000,1075,3500,3000,1
29888,180000,1,3,1,40,0,0,0,-1,0,0,105918,81091,-1659,111077,112738,115746,4400,0,112736,5000,5300,5000,0
1490,130000,2,4,2,28,0,0,0,0,0,0,36108,34256,36357,37878,39489,41833,3000,3000,2500,3000,3000,2000,0
24516,80000,1,2,1,43,-1,-1,0,0,0,0,435,4495,5333,7136,7599,7554,4495,1500,2500,1000,500,1000,0
3220,310000,2,1,2,36,-2,-2,-2,-2,-2,-2,0,298887,0,0,0,0,298887,0,0,0,0,199417,0
2726,200000,2,2,1,39,0,0,0,0,0,0,178665,133266,95836,85635,66137,30410,3677,2441,1854,1567,5000,1953,0
9812,110000,1,2,1,32,0,0,0,0,0,2,110198,107710,83913,47369,48905,46046,3851,3021,1649,3513,0,1664,0
11375,360000,2,1,2,37,0,0,0,0,0,-1,16600,19190,20384,23255,22495,380,3194,2384,3271,2509,381,2469,0
24860,200000,1,1,2,38,-1,-1,-1,-1,-1,2,3810,3056,8519,776,5335,4536,3063,8568,776,5335,0,664,0
450,380000,1,1,1,51,1,-2,-2,-2,-2,-2,0,0,0,0,0,0,0,0,0,0,0,0,1
17270,230000,2,2,2,30,0,0,0,0,0,0,62988,63056,63741,64096,64473,64927,2847,2303,2284,2280,2345,2333,0
26710,160000,1,3,2,27,2,2,2,-1,0,0,70373,80166,34775,34073,15676,99436,11450,0,142848,1800,90000,3300,1
9179,500000,1,3,1,55,-2,-2,-2,-2,-2,-2,735,-5,-5,1012,500,0,0,0,1017,500,0,1059,0
6668,50000,1,3,1,51,0,0,0,0,0,0,42257,44243,64104,33406,34104,34869,3000,2500,1985,1163,1256,1316,0
14010,240000,1,2,1,39,1,-1,-1,-1,-1,-2,0,1263,-13,1667,-300,-300,1263,0,1680,0,0,1442,0
27696,40000,2,1,2,26,1,2,2,2,0,0,7904,7628,10270,9961,10495,12161,0,2775,0,1000,2000,1800,1
341,50000,1,2,2,36,0,0,0,0,-1,0,5916,6172,4123,680,978,978,1212,1200,0,978,0,0,0
1718,250000,2,2,1,45,-2,-2,-2,-2,-2,-2,100323,37494,41300,0,0,0,2500,5300,0,0,0,0,0
19254,300000,2,2,1,39,-1,-1,-1,-1,-1,-1,6192,4784,6462,456,-2056,5251,4790,6462,456,0,14447,9196,1
1923,360000,2,1,2,30,0,0,0,0,0,0,139762,143515,147037,146117,145884,147645,6000,6000,4818,5000,5000,4500,0
26921,720000,1,1,1,40,0,0,0,0,0,0,308274,209976,158694,148956,135217,85300,8500,6000,6000,5237,3000,8961,1
6533,20000,1,2,2,27,0,-1,0,-1,-1,-2,1955,2530,1845,3169,240,930,2535,1205,3274,630,1080,0,0
25566,290000,2,2,2,25,0,0,0,0,0,0,78719,71559,66658,68627,61578,59274,2510,2500,3000,3000,3000,3000,0
4319,50000,2,3,1,45,0,0,0,-2,-1,-1,4410,4055,0,0,6553,19653,4050,0,0,6553,13100,0,0
12119,20000,2,1,2,22,1,2,2,0,0,2,11087,11712,11164,11395,11927,9186,1100,0,289,594,0,50,0
23181,180000,2,3,2,32,0,0,0,0,0,0,4480,7354,6930,6090,2435,2074,3000,3000,2018,1200,1500,3000,0
26422,210000,2,1,2,40,0,0,0,0,0,0,54904,46662,46162,46039,32903,34534,2000,2100,2000,1500,2000,2000,0
17767,320000,2,3,2,53,0,0,0,0,0,0,188373,281060,261698,265703,175925,188982,276698,11020,11000,9486,20000,10000,0
16693,250000,1,1,2,35,2,2,2,2,2,2,153798,164692,160658,180382,182914,186838,15000,0,24000,7000,7000,6700,1
28636,380000,2,2,1,37,0,0,0,0,0,2,13415,14381,13277,14291,15949,15556,1204,1300,1242,1900,0,3000,0
4489,130000,1,3,2,27,0,0,0,0,0,0,89956,61868,63766,65839,67908,63530,2317,3000,3000,3000,5000,2305,0
19263,150000,2,2,1,37,-2,-2,-2,-2,-2,-2,0,0,0,283,0,0,0,0,283,0,0,0,0
12357,150000,2,1,2,30,-2,-2,-2,-2,-2,-2,12516,5568,6106,4357,0,0,5568,6106,4357,0,0,0,0
23101,290000,2,1,1,36,-2,-2,-2,-2,-2,-2,3602,6107,4536,6074,0,817,6107,4538,6074,0,817,1662,0
9504,360000,1,1,2,29,1,-2,-1,-1,-1,-1,-1808,-1808,6458,825,825,825,0,9091,825,825,825,825,0
8787,320000,2,2,1,39,0,0,0,0,0,0,38332,63396,66871,69339,31525,30861,30000,4700,3000,5000,5000,7000,0
9036,30000,1,3,2,45,0,0,0,0,0,0,28185,28296,23455,24179,24289,24649,1377,1370,1294,1015,900,913,0
10282,120000,2,3,1,47,0,0,0,0,0,0,118148,118593,101152,80503,75407,77157,5033,5000,3007,3000,3000,3000,0
3603,500000,1,1,2,35,1,-1,-1,-1,-1,-1,-453,1168,1215,6461,2567,735,2336,1215,6461,2567,1470,11605,0
28395,80000,2,3,1,43,0,0,0,0,0,0,71604,73316,75039,76597,78712,81365,3500,3500,3400,4000,4000,3000,0
15127,80000,1,2,2,48,0,0,0,0,0,0,74040,74658,72885,47663,48350,47208,3500,2500,2000,2000,2000,2000,0
18379,70000,2,5,1,23,0,0,0,0,0,0,30847,31849,33333,34344,35032,35807,1516,2000,1600,1215,1300,1500,0
29064,240000,2,2,1,55,2,0,0,0,2,0,72188,74270,75959,80473,78883,80625,3000,3200,6100,0,2900,3000,0
29153,20000,2,3,1,56,0,0,0,0,0,0,19774,14990,14071,15512,17081,21108,2009,2000,2000,2000,5016,11,0
7179,160000,1,2,1,62,-2,-2,-2,-2,-2,-2,0,0,0,0,0,0,0,0,0,0,0,0,0
13446,170000,1,1,1,36,-1,-1,-1,-1,-1,-1,2015,2015,2015,2015,2015,1925,2015,2015,2015,2015,1925,2105,0
24419,260000,1,1,1,34,-2,-2,-2,-2,-2,-2,-40,-40,-40,8117,-8,-8,0,0,8157,0,0,1673,0
10918,260000,2,2,1,36,0,0,0,0,0,0,107030,115455,115106,118811,121514,124815,13011,5000,5000,4000,4815,4500,0
18274,420000,1,1,1,51,0,-1,-1,-1,0,0,57815,1000,0,287921,291770,299232,1000,0,288921,10000,21100,0,0
14253,80000,1,2,1,46,0,0,0,0,0,0,79656,80382,61813,30457,30477,30506,3211,2800,1200,1300,1700,1700,0
6464,120000,1,2,2,29,0,0,0,0,0,0,118277,121004,118774,91369,88015,88087,6513,3740,3215,3300,3405,3303,0
8894,90000,1,1,2,29,0,0,0,0,0,0,72774,67584,57985,56268,55970,56825,2900,2700,2200,2100,2200,2200,0
3606,470000,1,1,1,57,0,0,0,0,0,0,83852,85008,83882,66207,65549,60805,3477,4100,2022,2100,2156,1740,0
27669,30000,2,2,2,24,1,2,2,0,0,0,26690,27954,27226,28427,28752,28447,2000,0,2000,1000,1100,1500,0
21815,90000,2,2,2,25,2,0,0,0,0,0,77651,78651,79972,81415,81878,83206,3300,3600,3805,3100,3200,4100,1
5470,140000,1,2,2,27,0,0,0,0,0,0,24050,68059,62503,61129,59089,58160,50000,3000,4000,5000,4000,2000,0
11773,50000,1,2,1,46,0,0,0,0,0,0,48905,49764,36535,32428,15313,16057,1800,1430,1000,1000,1000,1000,0
20509,160000,1,2,2,26,-2,-2,-2,-2,-2,-2,3720,396,396,396,396,1353,396,396,396,396,1353,2423,0
29020,390000,2,2,1,39,0,0,0,0,0,0,359641,283210,240876,190709,191162,195336,11100,13163,8349,6840,7252,7800,0
874,20000,2,3,1,40,-1,-1,-1,-1,-1,-1,2946,0,390,390,390,390,0,390,390,390,390,780,0
27606,60000,2,2,1,24,0,0,0,0,0,0,62786,61764,62254,59586,33190,32243,2212,3100,2000,1111,1122,1208,1
13921,120000,2,2,2,24,0,0,0,0,0,2,112336,113351,115515,113948,122127,121962,4200,4100,4100,10000,4560,0,0
10224,80000,2,3,3,60,0,0,0,0,0,2,30959,15774,9365,6515,6845,5789,1458,1230,250,800,0,300,0
5213,500000,2,2,1,30,-2,-2,-2,-2,-2,-2,344,5757,1820,2308,807,4966,5757,1820,2308,807,4966,3240,0
24506,30000,1,2,2,32,-1,2,2,2,2,2,17578,17988,20374,20738,22253,24748,1000,3000,1000,2170,3000,0,0
10122,50000,1,3,2,23,0,0,0,-1,-1,-1,7965,8404,10240,170,-220,390,1500,2000,170,0,1000,3309,0
28784,260000,2,1,1,36,0,0,2,0,0,0,131971,139305,89200,79702,79025,79997,10000,0,3012,3000,3000,4000,0
29938,30000,1,2,2,38,2,2,2,2,0,0,19992,21055,22120,21471,21598,23241,1700,1700,0,782,2000,1100,0
16251,30000,2,1,2,25,0,0,3,2,2,2,24709,28970,28233,27481,29484,30157,5000,0,0,2471,1300,4800,0
7375,130000,2,2,1,27,2,0,0,2,0,0,54921,55055,54804,52439,52609,52739,2000,6844,0,2071,2115,1640,0
19855,70000,2,2,1,38,1,2,0,0,2,0,73688,70254,71281,73229,71426,68911,0,2800,6500,0,2821,5500,1
310,400000,2,2,1,38,-1,0,-1,-1,0,-1,3697,3600,1354,5322,5103,2077,1000,1354,5322,6,2386,9085,0
19333,30000,2,3,1,38,0,0,0,0,0,0,24505,25592,26628,27678,28084,30068,1800,1750,1800,1165,2600,1200,0
5704,360000,2,1,2,29,-1,-1,-2,-2,-2,-1,2868,0,0,0,0,629,0,0,0,0,629,2475,1
1644,50000,1,3,1,72,2,0,0,0,2,2,35417,36453,37166,39710,40519,41324,1908,1621,3165,1600,1620,0,1
28452,50000,2,2,1,37,0,0,0,0,0,2,47832,45646,32668,25738,30192,27912,3010,5004,10000,5200,0,1181,0
26949,400000,1,1,2,32,-1,-1,-1,0,0,0,3919,-8477,247784,258900,225614,228219,0,258900,20170,17000,10000,10000,0
14263,50000,1,1,2,28,0,0,-1,-1,-1,-1,18771,10655,1659,6524,29949,3268,10000,1659,6546,29949,3268,399,0
21089,150000,1,2,1,40,0,0,0,0,0,-2,74985,76745,19472,20650,0,0,3400,1600,1700,0,0,0,0
20494,120000,1,1,2,28,2,2,0,0,2,2,114127,110826,113559,118784,118967,108887,0,6000,9000,3425,45,3500,1
6362,20000,1,3,2,32,1,2,0,0,0,0,19844,19238,20205,19588,20037,19880,0,1302,685,748,697,690,0
12358,200000,2,1,1,41,-1,-1,-1,-1,-1,-1,4533,8756,3539,5529,10332,6894,8756,3539,5529,10332,6894,3188,0
5929,50000,2,3,1,54,0,0,0,0,0,0,16648,16200,15622,14277,12930,11657,1588,1483,611,458,403,351,0
28709,290000,2,3,1,46,0,0,0,0,0,-1,7874,9236,10326,11000,11000,11417,1500,1400,1000,0,11417,500,0
24671,390000,1,2,1,34,-2,-2,-2,-2,-2,-2,-702,-808,-1141,-1247,-1353,-1459,0,0,0,0,0,0,0
7654,30000,1,1,2,24,0,0,0,0,0,0,27576,27089,27986,28580,28649,29147,1500,1500,1050,1100,1000,2000,0
23210,110000,2,2,1,43,1,2,2,2,2,2,100987,101941,98364,103189,99578,104412,4600,0,8500,0,7700,3900,0
18662,20000,2,2,1,27,0,0,0,-1,0,0,15939,17171,18005,1822,1316,1316,1500,1200,2000,0,0,0,0
15054,470000,1,2,1,35,0,0,0,0,0,0,170812,172332,177566,182074,183417,185608,6500,8000,9000,7000,8000,8000,1
9502,80000,2,2,3,52,0,0,0,0,0,0,63134,57072,55618,50345,52031,53141,2087,2019,2000,2500,2095,2002,0
9397,20000,1,1,2,29,0,0,0,0,0,0,14492,15759,17371,17873,18073,10817,1500,2000,651,500,1000,500,0
29527,180000,1,2,2,39,-1,-1,-1,-1,-1,-1,715,4637,969,21365,9707,3837,4637,1595,21365,9707,3837,5328,0
25352,130000,2,1,2,27,0,0,0,0,0,0,128137,109868,108167,102584,91030,82634,4000,4019,4017,3100,4500,5380,0
12175,460000,2,1,2,28,0,0,0,-1,0,0,16560,12570,19403,10063,8628,0,2500,9456,10063,0,0,13182,0
10181,130000,2,3,1,42,0,0,0,0,0,0,105406,95012,83245,76631,75607,73006,4349,3000,2410,7639,12962,2889,0
29002,240000,2,2,1,31,1,2,2,2,0,0,6900,6641,10495,2813,3805,5730,0,4000,1000,1200,2000,0,1
11571,50000,1,3,1,31,1,-2,-2,-2,-2,-2,0,0,0,0,0,0,0,0,0,0,0,0,0
2507,20000,1,2,2,48,0,0,0,2,0,0,7186,9063,10909,10440,10803,11330,2000,2000,0,680,1000,0,1
18463,80000,2,2,2,25,0,0,0,0,0,0,69816,71257,72812,74305,75872,77554,2600,2700,2700,2800,2900,4300,0
11698,80000,2,3,2,39,-1,-1,-1,-1,-1,-1,4762,6712,1814,4811,1379,6136,6734,1817,4817,1381,6137,6251,0
9863,290000,2,1,2,47,0,0,0,0,0,0,281950,263710,262786,254495,247060,220298,11900,11000,7900,9050,6900,6000,0
5941,30000,2,2,1,30,0,0,0,2,0,0,25156,25949,28478,27754,28186,30240,1500,3000,0,1001,2500,1200,0
13939,200000,1,1,2,32,-1,-1,-1,-1,-1,-1,396,396,396,396,396,396,396,396,396,396,396,396,0
27413,60000,1,2,1,41,1,-1,0,0,0,0,-1582,56557,55839,47797,8062,8284,59852,5011,5000,2500,1000,5000,0
23903,20000,1,3,2,22,0,0,0,0,0,2,18306,18977,19328,19035,19262,12308,1287,1462,1522,1165,0,1000,0
13994,160000,2,1,2,36,-1,3,2,-1,2,-1,598,598,168,1449,916,2133,0,0,1449,0,2133,0,1
18399,290000,2,2,2,29,-1,0,0,0,0,0,140809,130127,131218,124556,127300,129357,6201,5113,5006,6006,5501,15064,0
22602,130000,2,2,1,43,-1,-1,-1,-1,-1,-1,2292,6776,2811,3589,11151,1543,6776,2811,3589,11351,1543,1109,0
15247,30000,2,1,2,29,0,0,0,0,2,0,15982,12226,13565,15526,14979,15735,2226,1539,2500,0,1000,1000,0
17107,50000,2,3,1,26,0,0,0,0,0,-2,47095,48085,49039,49662,0,0,2073,2027,1650,0,0,0,0
28537,140000,2,2,2,32,2,0,0,2,2,2,103181,107446,125702,124182,124155,137176,6000,20000,2000,3500,15000,6000,0
5515,20000,2,2,2,56,0,0,0,0,0,0,17091,17596,15524,14807,13667,16271,3000,3006,3506,3500,7011,7125,1
22093,80000,2,1,2,28,1,-2,-2,-2,-2,-2,0,0,0,0,0,0,0,0,0,0,0,0,1
12918,300000,1,1,1,39,0,0,2,-1,-1,2,27459,34405,3283,3961,24306,22644,8000,0,3961,24306,0,7651,1
8194,50000,1,2,2,35,0,0,0,0,0,0,48064,49399,49943,18568,18740,19036,2500,2000,1000,1000,1000,1000,0
2427,50000,1,1,2,33,1,2,2,0,0,2,26957,28230,27483,27728,29681,29053,2000,0,1000,2400,0,2400,1
21511,30000,2,2,2,23,2,-1,-1,-1,0,0,729,479,859,755,755,220,483,859,755,0,0,0,1
28324,30000,2,1,2,30,0,0,0,0,0,0,29009,28432,18191,9745,9545,13964,1315,1522,1200,0,6000,10655,0
1620,30000,2,1,2,26,-1,-1,-1,-1,-1,2,2635,807,11428,2462,3605,1559,1270,11500,2462,1559,0,3192,0
21664,50000,2,1,2,22,0,0,0,0,0,0,49772,50537,49556,49902,38391,29427,1778,2110,1456,1360,1057,1069,0
8428,150000,1,1,2,35,1,2,2,2,2,2,143376,145607,146509,148507,152044,136643,6000,4500,5100,5322,20,5033,0
5804,140000,2,2,1,28,0,0,0,0,0,0,99296,89391,79173,43370,28850,17896,3205,2894,2000,1500,1000,2000,0
10201,120000,2,1,2,27,2,2,-2,-1,-1,-1,500,0,0,41150,0,125,0,0,41150,0,125,0,0
16510,40000,1,1,2,24,0,0,0,0,0,-1,37412,38485,39575,39247,9687,33625,2000,20000,1359,600,33625,615,0
4733,320000,1,2,2,52,-1,-1,-1,-1,-1,-1,1122,5000,396,1176,396,396,5000,792,1176,396,396,39316,0
24405,20000,1,3,2,49,1,2,2,-1,0,0,19481,18756,-3744,17105,17250,0,0,0,21200,345,0,0,1
4779,90000,2,1,2,29,0,0,0,0,0,0,92464,91709,92412,91297,91790,91377,3600,4331,3218,3613,3300,3519,0
13082,210000,2,2,1,46,-1,-1,-1,0,-1,-1,3095,2768,5536,2768,1075,2006,2768,5536,0,1075,2006,1344,1
26471,100000,2,3,1,51,-1,-1,-1,-1,-1,-1,200,100,197,245,3210,318,100,197,245,3210,318,797,0
10531,250000,2,2,1,43,0,0,0,0,0,0,82650,81977,24585,16753,17113,17298,3503,1553,1000,1000,1000,1382,0
3523,200000,2,2,1,30,-2,-2,-2,-2,-2,-2,0,0,441,653,500,600,0,441,653,500,600,751,0
24789,20000,1,1,2,34,0,0,0,0,0,0,15415,16423,17594,18552,18522,18900,1271,1442,1400,370,378,0,0
27596,210000,2,1,2,29,-1,-1,-1,-1,-1,-1,2783,1080,2855,20787,8307,1747,1088,2855,20787,8314,1747,309,0
21623,120000,2,1,2,24,-2,-2,-2,-2,-2,-2,0,0,0,0,1000,0,0,0,0,1000,0,0,0
19190,50000,2,2,1,47,0,0,0,0,0,0,27121,53680,20476,21781,17792,16657,2000,1700,2000,1000,702,600,0
20567,290000,1,2,1,30,-1,-1,-1,0,0,0,8452,7718,237648,236463,146420,148600,7728,237648,8900,5300,5541,4700,0
1170,140000,2,1,2,28,0,0,2,0,0,0,9305,13614,13103,14077,15189,16275,4800,0,1500,1500,1500,1500,1
14896,30000,1,1,2,27,0,0,0,0,0,0,27159,27577,28838,28085,28428,29430,1500,1749,1200,1100,1465,1386,0
21343,20000,1,2,1,53,1,2,2,-1,-1,-1,5397,6153,5914,13385,5490,0,1000,99,13401,5490,0,0,0
21829,280000,2,2,2,29,-1,-1,-1,-1,-1,0,11536,3408,8220,2287,10969,5395,3419,8283,2287,10969,0,0,0
4207,80000,2,3,1,36,-1,-1,-1,-1,-1,-1,5587,6906,1470,1720,2890,7678,6906,1470,1720,2890,7678,1730,0
17724,30000,2,3,1,50,2,2,2,2,-1,0,29468,29688,28919,28000,13393,10539,1000,159,28426,24682,12,0,1
28119,80000,2,1,1,41,0,0,0,0,-2,-2,11987,13007,3537,0,0,0,1325,1000,0,0,0,0,0
21355,80000,1,3,1,56,0,0,0,0,0,0,49897,50892,52472,53674,7886,16432,1822,2401,2581,1238,1816,3746,0
6107,140000,2,2,1,36,-1,-1,-1,-1,-1,-1,326,501,1251,0,2106,652,501,1251,0,2106,652,0,1
7777,280000,1,2,1,34,0,0,0,0,0,0,126305,128888,123909,124078,124489,114110,4728,4700,4210,4455,4109,4000,1
24328,330000,1,2,1,48,-2,-2,-2,-2,-2,-2,6051,8346,8952,2732,2732,2732,8387,8996,2745,2745,2745,2734,0
15678,100000,1,1,2,26,-1,0,0,0,0,0,2724,46286,46435,4398,3437,3476,45000,2300,1000,0,1000,100,0
13850,290000,2,1,1,52,-1,-1,-1,0,0,-1,33765,2682,470,119955,119685,9780,2682,470,119685,0,9780,2412,0
12028,80000,1,1,2,31,1,2,2,0,0,0,61241,62155,56049,50829,50687,47362,2515,16,2003,2013,5007,113,0
4640,150000,1,2,2,31,3,2,2,0,0,2,76113,77728,75888,77017,77706,79274,3400,0,2960,3100,3000,2711,0
15985,30000,2,3,1,44,1,-2,-2,-2,-2,-1,0,0,0,0,0,379,0,0,0,0,379,0,0
1136,50000,1,2,2,31,-1,-1,-1,0,0,-1,2522,0,18171,17051,390,16526,0,18171,341,0,16526,324,0
14471,110000,2,2,2,28,2,2,2,2,2,2,86774,88702,89655,90593,89025,94509,4200,3300,3300,0,7000,2300,1
4125,80000,2,3,2,32,0,0,0,0,0,0,77385,79038,80899,79387,81593,80254,2900,3200,3000,3500,3100,6200,0
25151,350000,2,1,1,33,-2,-2,-2,-2,-2,-2,6016,4322,5568,9571,6370,9674,4348,5596,9632,6402,9722,24086,0
1259,50000,1,1,2,24,2,2,0,0,0,0,49946,48808,45469,20228,18900,19066,0,2079,693,1080,700,1004,0
28845,90000,2,2,2,48,-2,-2,-2,-2,-2,-2,6224,8150,0,0,9167,0,8150,0,0,9167,0,526,0
17078,20000,2,2,2,24,0,0,0,0,0,0,13542,14852,15571,16584,17067,34262,1543,1262,1275,758,638,1340,0
12060,440000,2,2,1,40,-1,-1,-1,-1,-1,-1,3278,2028,981,873,873,840,2035,982,874,874,841,7453,0
2375,40000,1,2,1,38,2,2,2,2,2,2,33152,33623,34773,33917,36704,40404,1300,2000,0,3500,4471,0,1
24717,30000,1,3,2,29,0,0,0,0,2,2,10305,11327,12354,13840,13320,14501,1500,1514,2000,0,1400,0,0
22825,50000,2,1,2,31,1,-2,-2,-2,-2,-2,0,0,0,0,0,0,0,0,0,0,0,0,1
18113,240000,1,1,1,36,-2,-2,-2,-2,-2,-2,0,0,0,0,0,0,0,0,0,0,0,0,1
12751,500000,1,1,2,29,0,0,0,0,0,0,499452,455071,359940,345238,274743,250930,30483,15773,10393,10580,120081,10996,0
12058,50000,1,1,2,56,0,0,0,0,0,0,47076,48427,49317,50855,18177,18823,2110,2000,2376,709,998,535,0
14372,50000,2,1,2,27,0,0,0,0,0,2,51076,50816,47977,34783,20570,20047,2223,1572,1700,1739,0,225,0
2394,130000,2,2,2,24,1,-2,-1,-1,-1,-1,-10,-10,3362,-3,998,937,0,3372,0,1001,939,1013,0
3630,30000,2,2,2,22,0,-1,-1,-1,-1,-2,3158,5547,3312,3145,3022,3247,5572,3321,3154,3031,3339,2921,0
19896,240000,2,3,2,35,0,0,0,0,0,-1,18086,11226,7899,8072,728,24511,1133,1124,2000,728,24709,1972,0
8690,310000,2,1,2,32,-1,-1,-1,-1,-2,-2,13560,-65,6500,0,0,0,0,6565,0,0,0,0,0
28850,400000,2,4,1,37,-2,-2,-2,-2,-2,-2,14889,929,1191,11930,11286,5766,929,1191,11930,11286,5766,16520,0
4394,360000,1,1,1,59,-2,-2,-2,-1,0,-1,17154,4536,4500,71028,5019,28028,5095,5048,72133,25,28168,18758,0
20557,210000,1,2,2,31,0,0,0,0,0,0,30785,29242,29883,30447,30803,29820,1472,1509,1469,1221,1100,1252,0
2445,200000,1,2,2,25,1,-2,-2,-1,0,0,0,0,0,1517,48669,49635,0,0,1517,48000,1775,1992,1
22394,180000,2,2,2,30,0,0,0,0,0,0,23398,14445,15404,19885,22355,22902,1541,1500,4911,10355,10902,3500,0
10687,80000,2,2,1,47,1,2,-1,-1,-1,-1,17401,8824,13261,6261,6261,6261,0,13261,6261,6261,6261,6261,0
7880,50000,2,2,2,24,2,2,7,7,7,7,2400,2400,2400,2400,2400,2400,0,0,0,0,0,0,1
11939,280000,2,2,1,48,-2,-2,-2,-2,-2,-2,9517,36527,14899,18374,13369,8854,36527,14927,18410,13369,8854,17863,0
15636,60000,2,1,2,23,0,0,0,0,0,0,51275,41950,40861,35638,32147,19796,2000,1718,3800,2000,2386,1000,0
22180,100000,2,1,2,28,0,0,0,-1,-1,-1,14309,11226,13142,12280,938,796,1268,2184,38500,938,796,0,0
10625,30000,1,2,2,37,0,0,0,0,0,0,27526,28794,29480,29679,16451,0,1714,1400,599,0,0,0,0
6498,200000,2,2,2,32,-2,-2,-2,-1,0,0,940,174,1684,1581,2381,2381,174,1689,1581,800,0,0,0
17543,20000,2,2,1,40,0,0,0,0,-1,-1,10470,10186,9936,10790,230,-160,1145,1546,1400,390,73,19371,0
15683,20000,1,3,2,28,1,2,0,0,0,2,18953,14043,13266,14340,15301,14916,18,1600,1600,1500,0,1000,0
12251,160000,2,2,1,42,-2,-2,-2,-2,-2,-2,0,0,0,0,0,0,0,0,0,0,0,0,0
16918,320000,1,1,1,51,0,0,0,0,0,0,483184,290784,277482,282869,253903,249866,20373,13000,11160,8418,8325,8602,0
3243,30000,2,1,2,22,-1,-1,2,0,0,0,14885,16579,17498,25032,25626,27191,1939,1500,8213,1000,2000,3200,1
21482,490000,2,2,2,35,0,0,0,0,-1,0,48108,45281,46705,41125,20205,6483,3000,5015,5007,20205,3000,1181,0
15579,460000,1,2,1,51,-1,-1,-1,-1,0,-1,326,827,289,44517,36065,6591,831,290,44558,101,6621,9584,1
24889,170000,1,2,1,40,0,0,0,2,2,2,148211,149659,155442,162471,158294,166836,5400,8200,11400,0,10800,0,0
29432,130000,1,2,2,30,-1,2,2,2,-1,-1,780,780,390,0,780,0,390,0,0,780,0,0,0
24691,70000,1,2,1,45,0,0,0,0,0,0,67062,68622,28236,30750,35205,37466,3000,1500,3000,5000,3000,5000,0
24865,90000,1,2,2,35,-1,-1,3,2,-1,-1,941,3008,1882,941,266,-675,3008,200,0,266,0,3264,1
6034,200000,2,2,1,36,-1,-1,-1,0,-1,-1,473,4511,5122,1936,1771,0,4528,5122,0,1771,0,604,1
17393,100000,2,3,1,46,2,2,2,2,2,2,43677,42674,45983,46927,47759,46865,0,4000,2000,1900,0,2000,1
7954,170000,1,1,1,62,0,0,0,0,-1,-1,12980,12724,11888,10802,1477,1302,1550,1000,216,1477,1302,1302,0
8165,30000,1,2,1,57,0,0,0,0,0,-1,29204,20564,16341,7593,7828,1366,1400,1000,1000,235,1366,0,0
27267,160000,1,1,1,42,2,2,0,0,2,2,14137,13613,14634,16532,15969,17701,0,1247,2145,0,2000,0,1
5560,100000,2,2,2,28,0,0,0,0,0,0,106750,76374,68584,66901,63261,64409,3004,47000,2540,3000,3000,3000,0
3275,20000,1,3,2,59,1,2,2,4,3,2,19074,18482,20329,19616,19303,1013,0,2300,0,0,0,2821,1
801,20000,1,2,2,25,4,3,2,0,0,0,20610,20005,19331,19333,17363,16314,0,0,500,715,326,0,1
18450,100000,2,1,2,26,1,2,2,2,0,-1,3144,2949,4480,764,528,933,0,1795,0,13,933,3000,0
15994,220000,2,1,1,36,0,0,0,0,0,0,215979,210475,216513,196219,200117,204312,7800,9639,7123,7162,7419,7462,0
13457,260000,2,2,2,35,1,-2,-2,-1,-1,-1,0,0,0,8500,2890,210,0,0,8500,2890,210,48000,0
23565,320000,2,3,1,33,0,0,0,0,0,2,71047,19161,19829,17692,15648,15255,2000,1300,1600,2500,0,1000,0
23578,360000,2,2,2,37,0,0,0,0,0,0,292725,296679,301181,303398,289602,289457,10638,11115,10700,9820,9902,9910,0
11710,140000,2,2,2,38,0,0,2,0,0,2,15438,12140,11225,6688,6908,6438,2620,0,310,400,0,1435,0
21893,150000,2,2,2,27,-1,-1,-1,-1,-1,0,7815,4914,6237,3280,11167,15915,4933,6237,3280,11167,10000,686,0
22812,70000,2,1,1,35,1,2,2,2,2,0,41730,40764,46281,47026,45971,47573,0,6500,1800,0,2500,2000,0
9750,170000,1,1,2,30,0,0,0,0,0,0,117010,119463,123476,124934,127918,130782,4337,6000,5000,5000,5000,4898,0
7514,150000,2,2,2,28,0,-1,0,-1,-1,-2,12272,4447,5228,1623,0,0,4447,1000,1623,0,0,0,0
29164,170000,2,2,2,53,-2,-2,-2,-2,-2,-2,784,605,826,500,0,487,605,826,550,0,487,0,0
20184,200000,2,5,2,29,-2,-2,-2,-2,-2,-2,2618,784,611,0,0,150,784,611,0,0,150,478,0
26918,120000,1,2,2,34,0,0,0,2,2,2,49206,50386,54656,54963,55865,54842,2000,5100,1800,2400,0,5500,0
25135,250000,1,3,1,56,-1,-1,-1,-1,-1,-1,6297,8636,17038,5169,12818,2328,8657,23744,5169,14008,2328,17285,0
17077,140000,2,2,2,24,0,0,2,2,2,2,99012,106817,109646,106420,111130,113204,11000,6000,0,8000,4000,5000,0
28217,160000,2,3,1,38,0,0,0,0,0,0,151963,141884,143428,146289,128133,124606,5100,7100,7500,4500,5000,4800,0
19901,60000,2,2,1,45,0,0,0,0,0,0,59998,59702,61188,57459,26551,24901,2152,2464,1462,847,1007,3004,0
14612,50000,1,3,2,23,0,0,0,0,0,0,47104,25555,16097,16337,16330,16708,2000,1500,800,700,650,700,0
26134,210000,2,2,1,29,-2,-2,-2,-2,-2,-2,3814,-6,6456,0,2746,11613,0,6462,0,2746,11613,11753,0
13221,50000,1,2,2,24,1,2,2,2,2,2,41974,43210,42368,44553,45679,46275,2200,150,3200,2000,1500,2000,0
13305,270000,1,1,1,37,-1,-1,-1,0,-1,-1,396,396,792,396,396,396,396,792,0,396,396,396,1
2103,180000,1,1,2,30,0,0,0,0,0,0,139804,136528,57096,52694,50276,52945,7000,6000,3500,3500,3500,3900,0
15490,20000,1,1,1,31,0,0,0,2,-1,-1,4596,5675,8231,2717,4733,1099,1161,2717,0,4733,1099,0,1
24004,50000,1,3,2,27,0,0,-2,-2,-1,-1,32590,-100,0,0,70,120,0,100,0,70,200,100,0
8529,240000,1,1,2,35,-1,-1,-1,-1,-1,-1,11906,54684,1874,1151,23169,9372,55167,1874,1151,23169,9372,396,0
15781,130000,2,2,2,24,0,0,0,0,-1,-1,12163,21895,18885,19057,2511,10358,10095,7005,6013,2511,10358,5000,0
6566,160000,2,2,1,32,0,0,0,0,0,2,30414,24158,10091,5905,6210,4302,1200,1036,309,500,0,1000,1
3402,710000,2,2,1,40,-2,-2,-2,-1,2,0,5200,0,0,1004,854,8626,0,0,1004,0,8000,5000,1
19231,50000,2,2,1,38,-1,-1,-1,-1,-1,-1,1121,-13,2254,1338,0,757,0,2267,1338,0,757,0,0
24960,40000,1,1,2,35,-2,-2,-2,-2,-2,-2,0,2277,1521,0,2483,1396,2277,1521,0,2483,1396,1350,0
611,360000,2,1,2,29,0,0,-2,-2,-2,-1,3280,0,0,0,0,2650,0,0,0,0,2650,0,1
3694,80000,1,2,2,27,2,0,0,0,0,0,62824,63883,57722,116742,72204,79105,2178,2674,2200,14710,8000,3005,1
29997,30000,1,2,2,37,4,3,2,-1,0,0,3565,3356,2758,20878,20582,19357,0,0,22000,4200,2000,3100,1
19932,120000,2,1,2,36,0,0,0,0,0,0,71199,71993,73652,75482,76686,47781,2574,2816,3200,2911,1800,2000,0
486,230000,2,1,1,42,-1,-1,-1,-1,-1,-1,6865,15111,13165,0,10500,6992,15111,13165,0,10500,6992,0,0
7823,50000,1,2,2,46,-1,-1,0,0,0,0,2635,27299,21206,20127,19049,19730,27921,1262,656,655,2433,1000,0
23051,360000,2,2,1,39,-1,2,2,-1,-1,-1,1220,330,165,5773,3598,3598,170,0,5773,3598,3598,6208,0
22289,90000,2,2,2,31,0,0,0,0,2,2,22259,23418,24443,26695,25967,26946,1838,1408,2660,0,1400,2000,1
3230,220000,2,2,1,48,0,0,0,0,0,0,28132,30362,31387,32559,35019,37422,2700,1534,1700,3000,3000,3000,1
12931,350000,1,2,2,32,0,0,0,0,0,0,228009,220450,190173,192649,197269,201360,9000,8700,7000,7600,7800,8500,0
27995,80000,2,2,2,30,-1,-1,0,-1,0,0,4161,1819,6845,1813,8362,-783,2000,6689,1817,8100,0,4000,0
19994,440000,2,2,1,41,0,0,0,0,0,0,348397,356586,366049,262697,267922,274502,14006,19077,9518,9576,11083,12010,0
15214,200000,2,1,2,28,1,-2,-2,-1,-1,0,0,0,0,1545,1156,6099,0,0,1545,1156,5000,3000,0
15869,200000,2,1,2,28,0,0,0,0,0,0,105051,99648,144932,134530,129395,124561,32000,60000,6305,4300,4500,4500,0
21800,50000,2,1,2,25,2,2,3,2,2,2,40959,43870,42891,43582,44561,45592,3900,0,1700,2000,1900,1800,1
5381,50000,1,1,2,24,-1,-1,-1,-1,-1,-1,390,0,672,-108,2830,0,0,672,0,2938,0,0,1
26572,90000,2,3,1,55,0,0,0,0,0,0,39731,38272,36858,35447,33465,31680,2000,2000,2000,1400,1400,1712,0
23196,140000,2,3,1,39,0,0,0,0,0,0,73166,66565,76412,70091,63279,56854,3112,20000,3043,2359,2187,1706,0
13773,240000,2,1,2,30,-1,-1,-1,-1,-1,-1,1749,1087,3503,1003,1003,1003,1099,6430,1003,1003,1003,203,0
2261,100000,1,3,2,30,0,0,0,0,0,0,46675,46567,46638,46454,46262,47823,1800,2000,1700,1683,3500,1500,1
22845,290000,2,3,1,44,-1,-1,-1,-1,-1,0,2615,0,679,3390,5784,5784,0,679,3390,5784,0,150,0
19631,170000,2,1,1,41,0,0,0,0,0,0,93095,95044,98505,99970,102303,104654,3500,5000,4000,4000,4000,4000,0
15230,20000,2,2,2,36,0,0,0,0,0,2,12530,13518,14596,15550,16790,17175,1500,1600,1500,1500,800,0,0
29689,200000,1,1,2,36,-1,-1,-1,-1,-1,-1,396,396,396,396,396,396,396,396,396,396,396,396,0
20908,150000,1,2,2,49,0,0,0,0,0,0,86035,86414,87852,88692,90211,91543,3090,3218,3196,3360,3310,3573,0
28601,200000,2,2,1,41,0,-1,-1,-1,0,0,6981,678,1287,54531,55229,56836,1000,1350,54531,2200,2500,2300,0
21603,70000,2,1,2,23,-2,-2,-1,0,0,0,-22,-11,5173,6345,7083,8961,0,69900,1262,1000,2000,1000,0
20320,200000,2,1,1,59,0,0,0,0,0,0,92215,94085,96174,98116,99490,101412,4300,4500,4438,3900,3800,3500,0
5136,50000,1,2,1,28,2,0,0,0,0,0,42435,44030,43979,31508,16519,19231,3000,2000,2000,2000,3000,1000,1
17907,50000,1,2,2,32,-1,-1,2,0,0,-1,1473,5486,3787,3246,1473,390,5486,0,1000,0,390,1090,1
20081,120000,2,2,2,43,0,0,0,-1,0,0,121427,60163,61723,25638,26092,14586,77225,21903,25646,5080,0,5052,0
17473,10000,2,3,2,46,1,2,-1,2,0,0,4474,189,3510,3306,3551,5577,0,3510,0,300,2260,2000,1
11465,30000,2,1,2,24,0,0,0,0,0,0,28885,27924,27709,27457,26848,26407,1459,1414,952,1002,832,2698,0
27727,30000,2,2,1,23,0,0,0,0,2,0,21710,23021,23851,26067,25357,25887,1670,1500,2609,0,930,946,1
17768,300000,2,3,1,62,-2,-2,-2,-2,-2,-2,0,0,0,0,0,0,0,0,0,0,0,0,0
28962,100000,2,1,1,36,-1,-1,-1,-1,-1,-1,905,3450,1195,2775,890,2117,3450,1195,2775,890,2117,1072,0
2559,80000,2,1,2,28,0,0,0,0,2,2,9782,11620,14415,16177,16582,16178,2001,3000,2000,800,0,600,0
22144,300000,2,1,2,29,-2,-2,-2,-2,-2,-2,1049,205,4962,13634,41510,-1087,205,4962,13634,41510,0,3940,1
1404,300000,2,1,1,36,-1,-1,-2,-2,-2,-2,8385,-27,-27,-27,-27,-27,27,0,0,0,0,0,0
15666,130000,1,3,2,27,1,2,0,0,0,0,133019,133178,132355,131797,131457,132202,6000,6000,5000,5000,5000,5200,0
15576,350000,1,1,1,49,-2,-2,-2,-2,-2,-2,27506,4213,1518,4625,363,858,4213,1529,4713,363,858,566,0
25625,240000,2,1,2,28,0,0,0,0,0,0,192551,236772,201463,187916,149293,150614,100050,10000,7000,10040,7000,6000,0
4550,30000,1,3,1,64,2,2,2,0,0,0,13594,14078,14547,15304,16056,20196,1000,1000,1000,1000,4600,0,1
4967,50000,2,2,2,22,0,0,0,0,0,0,50186,49061,43528,29606,30305,28895,1994,1500,1009,1124,1100,2000,1
9450,500000,1,1,1,44,-1,-1,-1,-1,-1,-1,150758,62931,21296,19897,4460,4195,63256,21408,19996,4482,4212,16748,0
12920,360000,2,1,2,29,0,0,0,0,0,0,27370,20750,14898,7524,7524,0,1328,2000,150,0,0,0,0
13151,180000,2,2,1,34,1,2,2,2,2,2,142024,144790,146552,142714,152219,149618,6500,5600,0,12000,0,11800,1
12203,210000,2,1,1,39,0,0,0,0,0,0,35639,42091,27751,30418,23180,68842,10000,1372,5000,1304,60000,3000,0
27262,50000,1,2,1,38,3,2,3,2,2,2,33759,36388,35527,36247,35367,37537,3500,0,1600,0,2900,0,1
21889,140000,2,1,2,25,0,0,0,0,0,0,38199,38810,39811,41133,41730,42026,2000,2000,2000,2000,2000,2000,0
29809,20000,1,3,1,48,0,0,3,2,5,4,10805,15270,14740,18188,17630,16780,5000,0,4000,0,0,0,1
12147,110000,1,1,2,27,0,0,0,0,0,0,34314,33538,37448,34963,28197,30331,5000,5000,3000,3150,3000,3000,0
15445,50000,1,1,2,25,0,0,2,2,2,0,44477,45425,48559,49065,48057,48942,2000,3134,1640,0,1968,1504,0
18521,260000,2,2,2,25,0,-1,-1,0,0,0,5008,10698,3863,56173,15700,5049,10698,3863,56006,5712,1000,100,0
24808,120000,1,2,2,36,0,0,2,0,0,2,26490,23333,16721,17400,26087,19577,3246,0,7313,15000,0,7000,0
17064,70000,2,1,2,24,1,2,0,0,0,0,19200,19079,17695,17791,15704,16257,500,1300,1240,600,1000,608,0
27853,90000,2,1,2,28,1,2,0,0,0,2,52061,50472,46226,40920,29863,19674,79,5000,10009,10000,0,7000,1
22621,130000,2,2,2,44,0,0,0,0,0,0,128854,111896,116183,115034,88163,87388,4000,6097,4085,3007,3028,3000,0
27378,410000,1,2,1,41,0,0,0,0,-1,0,392906,400864,410877,419454,1356,1362,16000,17986,18545,1362,6,0,0
5007,20000,1,3,1,44,0,0,2,3,2,2,11007,15010,15767,15223,14837,16083,4525,1300,0,0,1495,3198,0
19335,280000,2,2,1,48,-1,-1,0,0,-1,-1,79536,31251,37071,16757,9509,10861,31280,26757,5076,9539,10861,56137,0
16354,220000,2,1,1,40,0,0,0,0,0,0,63386,64165,61655,61855,64966,66942,8000,3000,3000,5000,3000,3000,0
14603,150000,1,2,2,31,0,0,0,0,0,0,148815,148090,133619,127043,112067,39901,5147,4900,4677,4707,1700,1000,0
20878,380000,1,3,1,39,0,0,0,0,0,0,37096,45148,60615,65016,69286,67455,10012,20012,10014,10048,10022,20153,0
1624,180000,1,1,2,37,0,0,0,0,0,0,22121,31681,32552,34004,35792,36645,10000,1700,2000,2500,1600,2000,0
7682,240000,1,3,1,48,0,0,0,0,0,0,111990,125109,129014,131864,134744,138504,15000,6000,5000,5000,6000,6000,0
3434,190000,1,1,1,55,-1,-1,-1,-1,-1,-1,390,390,390,390,6026,7410,390,390,390,6026,7410,390,1
4311,260000,1,1,2,49,-1,-1,-1,-1,-1,-1,316,316,4866,316,316,4843,316,4866,316,316,4843,316,0
20696,50000,1,2,2,35,0,0,0,0,0,0,49878,46785,41728,41163,29408,30047,1718,2070,1505,1500,1242,1300,0
153,280000,2,2,1,56,0,0,0,0,0,0,208775,182350,132257,101783,177145,169311,8042,6700,5137,100000,7000,6321,0
825,170000,2,2,2,33,1,-1,-1,-1,-2,-2,0,7042,2986,0,0,0,7042,2986,0,0,0,0,0
13017,50000,1,2,2,22,0,0,0,0,0,0,22616,21415,20769,21339,19382,18577,1668,1283,853,1000,758,475,0
22961,100000,2,1,2,30,-1,-1,-1,-1,-2,-2,430,35993,2772,0,0,0,35993,2772,0,0,0,0,0
4749,50000,1,2,1,58,-1,-1,-1,-1,-1,-1,1956,2060,4904,2056,2515,1464,2060,4904,2056,2515,1464,1515,0
2494,30000,1,3,1,26,1,2,0,0,0,0,30814,29551,24034,21155,18413,0,0,1500,1150,900,0,0,1
10206,200000,1,1,2,28,-2,-2,-2,-2,-2,-2,778,504,3724,445,8963,482,506,3742,447,9007,484,489,0
21758,80000,2,1,2,24,-2,-2,-2,-2,-2,-2,0,698,4949,967,5762,0,698,4949,967,5775,0,0,0
6079,670000,1,1,2,28,0,0,0,0,0,0,88612,91137,99314,95292,63782,41114,5000,10000,4500,6000,1300,3000,0
885,70000,2,2,2,23,0,0,0,0,0,0,49605,51804,53041,55150,57098,59141,3000,2700,3000,3000,3000,4700,0
9308,50000,1,1,1,33,2,2,0,0,0,-1,12632,13131,14817,13725,13147,5932,1000,2000,7000,5000,5932,25497,0
20660,10000,1,3,2,36,-1,-1,-1,-1,0,0,576,3100,3629,6260,5990,6520,4009,4011,6260,120,2000,2000,1
1113,110000,1,1,2,33,0,0,0,0,0,0,12633,88334,53978,23687,26567,8435,80004,1500,12013,7000,2000,4000,0
10888,210000,2,1,2,26,0,0,0,0,0,0,129882,131991,134515,134141,137667,126127,6000,6000,3000,5000,5000,3000,0
24179,360000,1,1,2,30,-1,-1,-1,-1,0,0,9939,14212,44803,118712,34244,21269,14226,46012,129567,685,425,4137,0
21539,20000,2,1,2,22,-1,2,2,2,0,0,12831,12328,15195,14659,14642,15102,0,3077,0,524,696,300,1
12020,30000,2,2,1,23,0,0,0,0,0,0,27141,28297,29012,29754,30211,29853,1900,1500,1200,1300,1500,1180,0
2072,50000,1,2,2,40,0,0,0,0,-1,0,26566,14851,4013,2027,15090,14078,3000,1000,41,30525,477,688,0
17152,260000,2,1,2,28,0,0,0,0,0,0,85666,92286,93742,93369,82476,73789,10005,4026,3481,141,20074,60308,0
4408,360000,2,2,2,46,1,2,0,0,0,0,361863,343268,285707,271529,276759,279953,0,11426,9781,10370,13899,9952,0
8981,30000,1,2,2,43,0,0,0,0,0,-2,28118,29266,28829,15762,0,0,2000,1209,700,0,0,0,0
2309,150000,1,2,1,40,0,0,0,0,0,0,54021,55154,56280,57397,58599,60668,2003,2044,2054,2127,3044,3150,0
8450,380000,1,1,2,30,0,0,0,0,0,0,192132,148842,177842,120027,97256,108213,10123,50434,7132,11068,20050,35925,0
11831,160000,2,2,2,28,-1,-1,-1,-1,-1,2,1426,326,1976,810,2165,1997,326,1976,810,2165,0,28377,0
25883,430000,2,2,2,33,0,0,0,0,0,0,191520,185187,173041,147383,135848,133591,8266,7666,6590,4711,4746,4421,0
14647,80000,1,1,2,29,0,0,0,0,0,0,31637,27137,25986,23496,23601,24650,1734,2000,2000,2000,2000,2000,0
8041,120000,1,1,1,50,2,2,2,0,0,2,38565,39997,39211,39917,42268,43192,2200,0,1500,3000,1600,1500,1
25617,270000,2,1,2,31,-1,-1,0,-1,-1,0,173,2254,3679,4065,3975,8195,2254,1522,4065,4056,81,83,0
11930,10000,2,5,2,21,0,0,0,0,0,-2,7691,8107,8036,8099,0,0,1192,1000,162,0,0,0,0
23994,30000,1,2,2,25,0,0,0,0,0,0,30274,30517,30485,30533,29148,29782,1932,3900,1700,1200,1180,2500,0
6228,240000,1,1,1,60,2,0,0,0,0,0,184427,188583,191992,185383,179565,92788,7001,6180,6000,5951,5285,192557,1
20098,310000,2,1,1,39,-2,-2,-2,-2,-2,-2,12080,1989,4566,5329,5724,1518,1989,4566,5433,5724,1336,0,0
7801,200000,2,1,2,42,-1,-1,-1,-1,-1,-1,1347,208,1582,3607,894,301,208,1677,3607,894,301,2457,1
20178,300000,2,1,1,30,-2,-2,-2,-2,-2,-2,0,0,811,1128,1750,819,0,811,1128,1760,819,753,0
25245,500000,2,2,2,25,0,0,0,0,0,0,37797,35510,26463,23503,23918,23937,3050,1543,1215,3717,14014,12042,0
12003,30000,1,2,1,35,1,-2,-2,-1,3,2,-2221,-8152,-4220,30821,30071,28767,0,0,35821,0,0,1000,0
17958,130000,1,2,2,32,0,0,0,0,0,0,21395,31030,40523,54838,78769,82478,10000,10000,15000,25000,5000,5000,0
27283,200000,1,1,2,32,0,0,0,0,0,0,141634,145060,148817,154033,155435,151806,5700,6000,7600,5421,5400,5316,0
27438,300000,1,1,1,37,-2,-2,-2,-1,-1,-2,19954,22492,20477,27206,37191,7543,23348,20477,27206,177202,7543,13719,0
13074,490000,2,1,1,37,-1,-1,-1,0,0,-1,36518,77996,274442,233793,49461,12207,77996,274526,4693,989,12207,93707,0
11866,90000,2,2,2,40,-2,-2,-2,-2,-2,-1,9663,69279,59483,3065,854,2328,69616,59483,26665,854,2334,10825,0
24299,200000,1,2,2,29,0,0,2,2,2,2,145090,151564,115836,122359,122588,119266,12000,0,10000,5000,0,6000,0
6929,20000,1,3,2,39,2,0,0,0,0,0,18243,17557,19880,19471,16211,14365,1677,3000,590,687,524,235,1
14833,30000,1,3,2,50,2,0,0,0,0,0,46868,42397,38569,33570,19895,30125,1800,2200,1400,2000,30000,997,1
7157,300000,2,2,2,27,-2,-2,-2,-2,-2,-2,0,0,0,0,0,0,0,0,0,0,0,0,0
24032,50000,1,2,2,25,0,0,2,2,4,3,28651,41897,43032,47242,46212,45205,14200,2100,5215,0,0,0,1
3525,140000,1,1,2,28,0,-1,-1,0,-1,-1,3234,4324,5477,4490,1500,-51183,4340,5491,2013,1510,18,89898,0
9005,50000,2,3,2,48,0,-1,-1,-1,-1,0,1500,2000,1382,-118,13656,13927,2000,1382,0,13925,498,516,0
23839,280000,2,2,1,57,-1,-1,-1,-1,0,-1,7640,9369,12261,12610,3160,9380,9369,12277,12610,0,9380,2098,0
3996,50000,2,2,2,43,0,0,0,0,0,0,9784,11578,7384,13479,6734,6801,2303,2095,500,1000,500,500,1
12146,410000,1,2,1,45,-2,-2,-2,-2,-2,-2,597,2326,7670,1761,6930,0,2329,7670,1761,6930,0,2675,0
12142,70000,2,2,2,25,4,3,2,0,0,0,30542,29780,28968,29540,29505,29428,0,0,2032,1069,1066,1002,1
17415,70000,2,3,1,43,2,2,0,-1,0,0,85863,78125,68899,69131,29289,29898,0,1378,70000,1185,1220,1119,1
26964,170000,1,2,1,48,-1,-1,-1,-1,0,0,390,390,390,780,780,0,390,390,780,0,0,0,0
9725,200000,1,1,1,41,-1,-1,-1,-1,-1,-1,1378,-22,5440,-2,796,1390,0,5462,0,798,1394,3600,0
21705,110000,2,3,2,26,1,3,2,0,0,0,117274,116911,112706,108302,46774,48300,3000,0,4400,2000,3000,4000,0
14901,260000,2,1,1,42,-2,-2,-2,-2,-2,-2,387,616,450,773,268,402,616,450,773,268,402,334,0
784,230000,2,2,1,32,0,0,0,0,2,0,87764,73526,72376,76870,75211,76645,2630,2614,6000,0,3000,2800,1
7993,270000,2,3,1,30,-1,-1,-2,-2,-1,-1,3842,3934,0,0,3353,764,3934,0,0,3353,764,35532,0
15966,80000,2,3,1,38,0,0,0,2,0,0,82391,80977,88815,83153,50910,60012,2925,12265,9,1737,1760,1882,0
20910,150000,1,1,2,34,0,0,0,0,0,0,56142,60855,53256,60945,60720,57407,10115,15010,10015,3022,1522,2013,0
22026,250000,2,2,2,29,0,0,0,0,0,0,46948,46351,33227,33732,32245,37589,2500,10000,3000,3000,8000,0,0
27532,50000,1,3,1,57,0,0,0,0,0,0,49543,41465,24091,20071,19221,19622,1500,1328,1600,700,696,707,0
3677,360000,1,3,1,37,-1,-1,-1,-1,-1,-1,390,390,390,390,390,390,390,390,390,390,390,780,0
9331,400000,1,2,2,33,0,0,0,0,0,0,61705,58018,52383,48139,35898,30754,3000,3000,3000,4000,3000,4000,0
17910,100000,1,2,2,28,2,0,0,0,2,0,58566,56770,56300,54288,25759,25775,5100,2825,5000,0,2000,0,1
8870,190000,2,2,1,45,0,0,0,0,0,0,143701,126337,121378,75252,79028,81548,4664,4222,2705,5000,4000,5000,0
807,20000,2,3,2,36,0,0,2,2,2,2,16754,18873,19862,19245,20532,19953,2400,1600,0,1600,209,0,1
9566,10000,1,3,1,52,1,2,0,0,0,0,6969,6712,7722,7875,8041,8357,0,1128,281,292,450,1415,1
15347,60000,2,2,2,40,0,0,0,0,0,0,61756,60800,55390,50221,22032,20710,2200,2100,8000,800,1000,1000,0
21465,250000,2,1,2,26,0,0,0,0,0,0,187336,184608,188570,188585,205272,208778,10000,10065,10000,20000,10000,20000,0
7018,190000,2,2,2,28,0,0,0,0,0,0,43072,43537,41016,40702,40676,27560,3768,3500,2500,4000,3000,3000,0
26086,320000,2,2,1,43,2,0,0,0,0,0,520651,383123,391741,400196,408503,156881,10000,11000,11000,10800,5992,4967,1
448,200000,1,4,1,42,0,0,0,0,0,0,38564,38246,32253,30384,30900,0,5000,1485,1956,1500,0,2102,0
2776,180000,2,2,1,39,2,2,2,2,2,0,177113,180628,176137,183007,179505,105229,7800,0,11700,0,3775,7000,1
12019,180000,1,1,1,35,0,0,0,0,0,0,170128,172258,138807,132806,135603,137803,7187,5000,4749,5141,4916,4000,0
4790,150000,2,2,2,24,2,2,2,-1,-1,-1,63486,66741,744,5714,809,2315,4330,3,5762,813,2318,1616,1
27586,200000,1,1,1,52,1,-2,-2,-2,-2,-2,-768,-768,-768,-768,-768,-768,0,0,0,0,0,1536,0
10034,270000,1,3,1,53,0,0,0,0,0,0,239963,224278,196747,108242,72480,36440,8710,8119,4500,3000,2000,131904,1
23805,150000,2,2,1,51,0,0,0,0,0,0,71776,72909,74722,77865,78819,80607,2046,2413,3776,2224,2448,2500,0
26952,310000,1,2,1,41,0,0,0,0,0,0,324628,305869,312567,291153,159545,97438,12000,12124,10300,8168,5500,3081,0
3197,10000,1,1,2,33,0,0,0,0,0,0,8417,6281,8567,10046,10063,10132,1700,4700,2502,1500,3000,0,0
679,30000,2,1,2,56,-1,0,0,-2,-2,-2,29033,17013,7024,7024,7024,7024,1283,7024,7024,7024,7024,7024,0
18157,20000,1,1,1,35,2,2,2,-1,0,0,20547,17089,15824,17840,18140,0,1250,0,30000,500,0,0,1
27903,90000,2,3,2,23,0,0,-1,-1,0,-1,94806,119836,21836,11036,29836,986,30000,30000,11036,19836,986,21615,0
19524,240000,2,2,1,32,0,0,0,-2,-2,-2,24615,27500,0,0,0,0,5000,0,0,0,0,0,0
22437,280000,2,2,2,37,-1,-1,-1,-1,-1,-1,12693,13214,13466,12619,13985,12603,13214,13466,12619,13985,12603,16921,0
20066,20000,2,2,2,45,0,0,0,0,-2,-2,7221,8329,8840,-1560,-1560,-1560,1245,1400,0,0,0,0,0
16657,340000,1,1,2,38,0,0,0,-1,-1,-1,86057,89605,87780,1680,1920,9151,5000,7785,1699,1920,9151,187000,0
6195,50000,1,2,2,41,0,0,0,0,0,0,41993,43163,36546,6421,5263,-12,1942,1725,1000,400,0,0,0
25567,500000,2,2,2,27,0,0,-1,0,0,0,195140,190529,135943,128438,106591,85215,11613,176596,6506,5178,3031,3466,0
16131,270000,2,2,1,42,1,-2,-2,-2,-2,-2,-330,-330,-330,-330,-330,-330,0,0,0,0,0,0,0
21300,20000,1,2,1,50,0,0,0,0,0,-1,18865,36059,18757,15521,13086,7688,1500,2580,1279,654,7688,0,0
27209,50000,1,2,1,40,0,0,2,2,2,2,42511,46526,46831,50799,50540,48700,5000,2175,5520,2000,302,2000,1
15240,180000,2,2,1,42,1,-2,-2,-2,-2,-2,0,0,0,0,0,0,0,0,0,0,0,0,0
5330,50000,1,3,1,42,0,0,0,0,0,0,47838,49246,50376,9408,9605,9806,2180,2310,336,348,360,349,0
4596,60000,1,1,2,30,-1,-1,-1,-1,-1,-1,264,264,264,264,264,264,264,264,264,264,264,0,1
9439,230000,2,2,1,44,-1,-1,-1,-1,-1,-1,5630,390,5090,19394,205,0,390,5090,19394,0,3916,3916,1
20553,80000,1,1,2,28,0,0,0,0,0,0,75923,57259,50845,36207,32515,15128,2500,2548,2500,1100,1000,1000,0
23835,110000,2,1,1,52,-1,-1,-2,-1,-1,-2,1865,0,0,1930,-170,-170,0,0,1930,0,0,0,0
15003,50000,2,2,1,27,-1,-1,-1,-1,-1,-1,492,492,492,492,492,470,493,493,493,493,471,7739,0
26459,20000,2,2,1,49,0,0,0,0,0,0,13561,14573,15290,16300,16624,16974,1543,1260,1270,594,617,1425,1
29161,10000,2,3,2,53,2,2,2,2,0,0,9917,6615,8355,8000,9000,10000,3400,2000,0,1000,1000,9000,1
8318,60000,1,2,1,43,0,0,0,0,0,-1,58777,40584,12617,22670,17701,950,5005,5000,10216,876,1252,0,0
10237,140000,1,2,1,41,0,0,2,2,2,2,57607,60676,64072,62444,67411,71144,4000,5000,0,6000,5000,0,0
25965,150000,2,4,2,30,-1,-1,-1,-1,-1,-1,3826,2970,4015,3693,7850,2423,2978,4026,3704,7873,2429,5720,0
1795,200000,1,1,2,34,1,-2,-2,-2,-2,-2,-800,-2685,-6144,-7905,-10213,-11060,0,0,0,0,0,0,0
25101,150000,1,1,1,51,0,0,0,0,0,0,149640,146178,133811,122606,107726,1200,6000,3857,12000,20000,0,14500,0
12107,200000,1,2,1,36,-1,-1,-1,-1,-1,-1,4670,4670,4670,4670,4670,4670,4670,4670,4670,4670,4670,4670,1
20403,200000,1,1,2,24,-1,-1,-1,-1,0,0,9167,200,198,18154,13677,2018,200,198,18156,0,1150,0,0
16860,150000,1,3,1,40,0,0,0,0,0,0,121544,123615,126733,130241,132466,134808,5000,4533,5000,3724,3829,3900,0
6035,280000,1,1,1,45,-1,-1,-1,-1,-1,-1,2270,1703,-15,30943,15631,17508,1703,0,30958,15631,17508,10049,1
19394,80000,2,3,2,32,-2,-2,-2,-2,-2,-2,4965,51932,0,2165,39881,14691,51932,0,2165,39881,14691,10500,0
22981,270000,2,2,1,34,0,0,0,0,0,0,203657,194792,181341,170107,158889,147344,10015,6538,7744,7068,5350,10077,0
20832,330000,1,1,1,48,-2,-2,-1,-1,-1,-1,0,12089,28933,14553,12400,20805,12089,28933,14553,12400,20805,0,0
17462,190000,2,2,1,46,0,0,0,0,0,0,140626,114690,110884,111200,87619,92418,8000,5000,12028,5000,10418,5000,0
19365,130000,2,2,1,40,-1,-1,-1,-1,-1,-1,4176,11806,1984,4649,6727,473,11839,3000,4649,6727,473,1669,0
5172,360000,2,2,1,40,1,-2,-1,0,-1,-1,-242,-3748,5512,4102,1756,4400,649,10000,0,1756,4400,0,0
13376,30000,2,2,1,29,0,0,0,0,0,0,15455,6570,11000,12460,28778,24244,2000,5000,2000,17000,1500,2000,0
6319,240000,1,1,1,44,-1,-1,-1,-1,-1,-1,4221,2188,2701,2427,1104,2362,2188,2701,2427,1104,2362,519,0
29820,400000,1,2,2,37,1,-1,0,0,0,0,396343,394858,395716,385947,305542,271385,423903,15100,14600,13000,9500,9500,0
2288,70000,1,2,2,28,1,2,0,0,0,0,35155,26598,22793,23156,24810,27433,23,1637,1000,2000,3007,3014,0
11208,150000,1,1,1,46,0,0,0,0,0,0,97832,98403,99263,100920,86781,71408,4555,3500,3300,3027,3000,2700,0
16410,150000,2,1,2,36,0,0,2,0,0,0,20755,25019,24335,24908,15339,0,4938,0,1200,507,0,0,0
3591,220000,1,1,2,31,-2,-2,-2,-2,-2,-2,4935,3796,5227,2291,4739,1640,3796,5227,2293,4739,1640,3012,0
16794,300000,1,1,2,30,-2,-2,-2,-2,-2,-2,901,901,901,1075,0,66,901,901,1075,0,66,66,0
26225,280000,2,2,2,39,0,0,0,0,0,0,123997,126272,126953,106551,99592,100607,5600,5400,5006,3250,3400,3500,0
29880,140000,1,2,1,38,0,0,0,0,0,0,135261,137999,141532,75815,65099,66445,4494,5303,2806,1825,1880,1901,1
13479,390000,1,1,1,41,2,2,2,2,2,2,167795,171245,167317,175283,179140,182864,7299,0,12000,6500,6500,0,1
18635,80000,2,2,2,25,0,0,0,0,0,0,83931,82122,81028,81331,60614,63153,3500,3820,3220,4010,6700,7,0
1811,50000,1,2,2,53,0,0,0,0,0,0,18922,19486,19917,20017,20146,20221,1329,1310,680,705,728,690,0
28945,250000,2,3,1,43,-2,-2,-2,-2,-2,-2,278,278,278,278,278,428,278,278,278,278,428,278,0
13054,80000,2,1,2,27,-1,-1,-1,-2,-1,2,1152,7900,0,0,333,183,7900,0,0,333,0,1500,0
25599,20000,2,3,2,45,-1,-1,-1,-1,-1,0,390,350,360,370,780,390,350,400,400,800,0,390,0
22063,130000,2,1,2,29,0,0,0,3,3,2,101650,106271,119728,121140,117767,115640,4621,15107,5000,0,0,4200,0
7907,50000,1,2,2,29,0,0,2,2,2,0,24043,26806,26077,27898,27315,27709,3165,0,2257,0,1000,2000,0
12956,100000,1,2,2,28,0,0,0,0,-2,-1,180765,64653,10388,3762,1434,12609,3018,1400,3786,1774,12714,38665,0
19824,20000,2,2,1,46,3,3,2,0,0,0,10145,9836,10525,18930,19320,19861,0,1000,9000,1000,1000,400,1
22198,380000,2,2,2,30,0,0,0,0,0,0,305489,299641,256345,258936,228387,203931,11687,12160,12434,8651,8531,6974,0
10299,20000,1,2,1,47,-1,2,-1,0,-1,-1,8424,4310,16990,3820,4350,3180,0,16990,0,4350,3180,780,0
6509,50000,1,2,2,25,2,2,3,3,3,3,1050,1050,1050,1050,1050,1050,0,0,0,0,0,0,1
2673,470000,1,2,2,29,0,0,0,0,0,0,72830,49502,47771,52979,119678,94721,4003,4003,8003,70003,5030,6003,0
11017,50000,2,1,2,23,-1,-1,-1,-1,0,-1,1050,1050,974,1224,1224,1025,1050,974,1300,1050,1025,1050,0
2363,220000,1,1,2,34,-1,-1,-1,-2,-2,-2,17875,3431,-344,-344,-601,-601,3431,0,0,0,0,0,1
23538,250000,2,1,2,36,-2,-2,-2,-1,-1,-1,2200,0,0,124832,7984,1500,0,0,124832,7984,1500,12674,0
18380,70000,2,2,2,22,2,0,0,0,0,0,34970,19188,19998,22919,23128,23030,1313,1689,4000,958,1036,6000,0
8971,20000,2,1,2,23,0,0,2,0,0,0,6988,8310,10015,9195,9539,9574,1444,2000,329,492,342,354,1
14798,50000,1,2,1,41,0,0,0,-2,-2,-1,48729,19598,0,0,0,402,1000,402,0,0,402,19603,0
6484,210000,2,4,2,25,0,0,0,0,-2,-2,179248,21612,5259,-243,-243,-243,3151,2000,0,0,0,0,0
20613,90000,1,2,1,29,-1,-1,-1,0,0,-1,500,715,26854,28146,0,2000,715,26854,3000,0,2000,0,0
9913,70000,2,2,2,39,2,0,0,0,0,0,67607,69623,71030,30087,29742,29191,3700,3700,1300,1300,1100,1200,0
19488,150000,2,2,1,37,2,2,2,2,0,0,100390,108784,110405,106317,30906,31457,11600,4800,0,1240,1200,1200,0
17684,50000,2,3,1,35,0,0,0,0,0,0,49930,48261,49027,49564,28609,28302,2300,3000,2503,1500,1204,2000,0
20697,50000,1,3,1,42,0,0,0,0,0,0,42238,29224,23807,17623,17974,18350,1425,2000,1293,644,666,676,0
13583,180000,1,2,1,48,-1,2,2,-2,-2,-2,919,919,0,0,0,0,0,0,0,0,0,0,0
6189,300000,1,1,2,31,0,0,-1,0,-1,-1,16772,943,38450,29925,33769,21020,934,38500,29700,33769,21020,5418,0
3931,120000,2,1,2,34,0,0,0,2,2,2,105356,107588,115372,112027,119702,121650,3931,9600,0,9500,4100,0,1
26631,100000,1,3,2,24,1,2,0,0,0,0,100364,97551,66365,62913,9389,6076,107,2893,2104,312,207,2004,0
491,30000,2,2,1,43,2,2,2,2,2,0,28703,26622,24022,24368,20859,19633,1300,2,1608,0,900,800,0
23527,300000,2,2,2,36,-1,-1,-1,0,0,0,8310,2592,77000,78718,80908,90495,2592,77000,3000,3500,11100,0,0
6833,10000,1,2,1,42,-1,2,0,0,2,2,9860,9169,9055,9908,9611,10059,0,1200,1000,0,1000,0,1
17300,110000,2,3,1,39,0,0,0,0,0,0,107441,106808,75540,75724,74785,76079,4023,2805,3406,2670,2751,2772,0
3762,220000,2,2,1,37,1,-2,-2,-2,-2,-2,0,0,0,0,0,0,0,0,0,0,0,3422,0
24450,50000,1,3,1,49,0,0,0,0,-2,-2,18139,9198,10000,0,0,0,1198,1000,0,0,0,0,1
17986,240000,1,1,1,38,-1,3,2,-1,-1,0,6333,3360,1291,2740,2241,1060,0,10,2740,2241,0,2731,0
29718,140000,1,3,1,39,0,0,0,0,0,0,138317,142082,136034,137524,88752,89409,6047,6405,6452,3228,3140,3157,0
11971,20000,1,2,2,34,1,2,0,0,0,0,20690,20075,19492,19859,19232,15608,0,1500,805,7000,542,242,1
17950,200000,1,2,1,43,2,3,2,2,2,2,94529,92126,94772,92368,101837,103764,0,5000,0,12000,3700,0,1
9135,240000,1,2,1,54,0,0,2,0,0,0,16135,249258,243589,204754,201426,198736,234000,30,7046,7023,10005,8014,0
9494,100000,1,3,2,25,2,2,2,0,0,0,96889,102893,99176,80358,75007,76805,8513,128,3011,3000,3200,3400,1
14744,140000,2,2,2,26,0,0,0,0,0,0,54868,56983,59152,67288,71674,31374,3000,4000,9500,5000,2000,1400,0
22260,180000,2,1,2,31,-2,-2,-2,-2,-2,-2,-23,5631,2771,390,0,0,5654,2771,390,0,0,999,0
10404,210000,2,2,2,30,0,0,0,2,2,2,45998,47107,50999,51884,50926,54404,2150,5000,2020,0,4500,2000,0
6383,90000,1,2,2,29,0,0,0,0,0,0,86294,88412,89853,69362,70537,56775,4400,4111,2100,2200,2510,2000,0
6170,20000,2,2,1,27,0,0,0,0,0,0,19961,16437,16579,17437,18314,19616,1500,2579,1437,1314,1616,800,0
2131,50000,1,2,2,42,0,0,0,0,0,0,47691,48738,48565,48301,50851,51153,3304,2300,2000,3500,3000,4000,0
16674,100000,1,2,1,48,0,0,2,2,2,2,11574,14570,16045,16508,15969,17733,3500,2000,1000,0,2000,0,0
14548,130000,1,2,1,35,0,0,0,0,-2,-2,8010,5932,4950,-2490,-37594,-21295,1500,1012,0,0,0,80000,0
12186,50000,1,2,2,42,0,0,0,0,0,0,48842,49709,30628,30993,29802,29253,2576,1495,1250,4732,1100,1100,0
368,300000,1,1,1,40,1,-2,-2,-2,-2,-2,0,0,0,0,0,0,0,0,0,0,0,0,0
4458,140000,2,2,1,32,0,0,0,0,0,0,129653,116582,112170,102931,100179,102417,5820,4920,3600,3700,3900,3602,0
23920,50000,1,3,1,22,0,0,0,0,0,0,45458,46450,47599,48456,44546,43256,2051,2200,2016,2009,2092,1020,1
14086,30000,1,2,1,54,0,0,0,0,3,2,6551,8482,10184,12408,11922,12167,2049,1851,2400,0,587,0,0
1680,220000,2,2,2,31,-1,-1,-2,-1,-1,-2,38746,0,0,110699,0,0,0,0,110699,0,0,0,1
17124,80000,2,2,1,26,0,0,-2,-2,-2,-2,13465,20577,10424,4898,847,1342,20587,10759,4995,847,1344,4774,0
14859,30000,2,3,2,34,-1,-1,-1,-1,-1,-2,9318,10621,15685,5476,0,0,10621,15685,5827,0,0,0,0
18748,60000,2,2,2,26,2,2,2,2,2,2,60455,61417,60906,45734,40629,41137,3200,2400,12,3200,1619,0,1
19286,200000,2,3,2,34,0,0,0,0,0,0,195380,199642,188169,191549,195163,194101,7632,6839,6518,6356,6441,6763,0
12228,170000,2,1,2,26,0,0,0,0,0,0,22138,23227,18894,7695,4777,3517,1808,1054,207,151,147,100,0
14223,20000,1,1,2,42,0,0,0,-2,-2,-1,15610,18250,0,0,0,1000,3000,0,0,0,1000,8024,0
15107,210000,1,0,2,45,-2,-2,-2,-2,-2,-2,2563,5854,1032,788,3499,3372,5854,1032,788,3565,3372,15381,0
14887,280000,2,1,1,38,-1,-1,2,0,0,-1,5165,8559,6455,544,0,4694,6455,11,5,0,4694,5292,1
26687,50000,1,1,2,25,2,0,0,0,0,0,48966,49985,50760,49535,30358,30302,2130,1905,1811,1100,1100,1200,0
19032,30000,2,2,2,34,1,2,2,2,2,2,26330,25608,28781,28000,29779,27343,0,3600,0,2524,0,1139,0
22265,300000,2,2,2,30,-2,-2,-2,-2,-2,-2,19333,19333,19333,19333,20333,20333,19333,19333,19333,20333,20333,1000,0
23566,340000,2,1,2,37,-1,0,-1,0,0,0,20624,20651,16308,21065,20581,15936,8641,16400,15000,15000,10000,10000,0
27360,200000,1,2,1,38,1,2,2,2,0,0,185471,189921,193731,189136,191335,202780,9000,8300,0,6800,14500,0,0
29315,230000,1,2,2,26,-2,-2,-1,-1,0,0,-8,-8,3243,20172,26446,58598,0,3251,20174,12000,46100,65000,0
28915,50000,2,2,1,34,0,0,0,0,0,0,5745,4266,3047,3606,2390,1655,1023,1051,1000,50,10050,734,0
20311,50000,2,3,1,54,0,0,0,0,0,0,42326,43815,45156,46206,46968,47876,2200,2050,2100,1828,1815,3400,0
26781,70000,1,1,2,27,0,0,2,4,3,3,51923,55699,61285,59727,60669,59442,5265,7064,0,2500,0,0,1
148,80000,2,2,1,23,1,2,3,2,0,0,9168,10522,10205,9898,10123,12034,1650,0,0,379,2091,1,0
28086,420000,2,3,1,39,-2,-2,-2,-2,-2,-2,2476,3570,11343,5216,23001,2439,3634,11353,5255,23001,2439,0,0
28656,180000,2,2,2,38,0,0,0,0,0,0,179307,183613,182709,149997,142612,140493,7294,6792,5490,5156,5232,6288,0
13878,250000,2,2,2,38,1,-2,-2,-2,-2,-2,0,0,0,0,0,0,0,0,0,0,0,0,1
3467,150000,1,1,2,39,0,0,0,0,0,0,146736,149030,148258,106114,105951,78487,7027,6000,3220,3600,2670,2618,0
6353,360000,2,1,1,46,1,-1,-1,-2,-2,-2,-8,859,-820,-813,-2292,-2292,867,0,7,0,0,0,0
5687,480000,2,1,1,39,0,0,-1,0,0,0,106660,400000,66270,80274,82160,110773,302000,66270,15000,3044,30042,34048,0
2245,180000,2,3,1,32,-1,-1,-1,-1,-1,0,396,712,712,712,1424,712,712,712,712,1424,0,5366,0
3646,220000,1,3,1,41,-2,-2,-2,-2,-2,-2,10804,34407,14510,7229,12806,35433,34415,14565,7229,12806,35433,11405,0
20980,120000,1,2,2,32,0,0,0,0,0,-1,114476,113995,116574,117041,50980,51285,4100,6000,5000,5000,58895,5000,0
11734,180000,2,1,2,28,1,2,2,2,2,2,65054,57314,54485,59415,57110,19339,1568,4,8000,387,0,0,0
2859,190000,2,2,2,28,1,-2,-2,-2,-2,-2,0,0,0,0,0,0,0,0,0,0,0,828,0
20982,80000,1,1,2,39,0,0,0,0,-1,-1,48491,55637,60163,0,780,390,8000,6000,0,390,390,540,0
17227,180000,2,3,2,32,0,0,0,0,0,0,183512,172194,176105,171475,134590,133146,7700,8254,9600,4712,4995,5000,0
15759,130000,2,2,2,22,2,2,2,2,0,0,29929,27812,21213,15443,25371,4264,3412,1700,0,15571,4264,1000,0
27575,530000,1,2,1,54,-2,-2,-2,-2,-1,0,-30,-420,390,390,166210,129716,0,1200,390,166210,6000,3000,0
13957,20000,2,1,2,33,1,3,3,2,2,2,16180,16635,16082,15529,16525,16110,1000,0,0,1400,0,1504,0
8665,140000,2,2,1,39,0,0,0,0,0,0,131764,134654,138303,119845,122457,125487,6500,7500,5000,4700,5228,4500,0
23522,150000,2,2,1,45,0,0,0,0,0,0,141292,131970,136267,138934,140315,139258,4719,6419,6436,5113,5210,5549,0
24333,20000,1,3,2,45,1,-1,-1,-1,-1,-2,0,390,0,780,0,0,780,0,780,0,0,0,0
7706,20000,1,1,2,25,-2,-2,-2,-2,-2,-2,85,1347,3969,1855,3569,3823,1377,4122,1865,3611,3823,19386,0
26420,180000,2,2,1,40,-1,-1,-1,-1,-1,-1,1552,776,0,1752,70000,10552,776,0,1752,70000,10552,9776,1
16905,320000,1,4,2,36,-2,-2,-2,-2,-2,-2,2860,16021,0,0,0,0,16021,0,0,0,0,0,0
8166,180000,2,1,2,31,0,0,0,0,0,0,21760,22794,23801,24117,24468,25106,1689,1693,1009,888,1045,1077,0
13081,500000,2,1,2,39,-2,-2,-2,-1,0,-1,1950,2900,1950,2739,2739,170,2900,2000,2739,0,170,205,1
22741,80000,2,2,1,36,0,0,0,0,0,0,73873,61134,49746,49033,48553,48377,2006,8199,2000,1700,2000,2000,0
13502,80000,2,1,2,39,-2,-1,-1,-1,-1,-1,-224,1357,3446,4969,0,2650,1581,3466,4969,0,2650,935,0
117,80000,1,2,2,26,2,0,0,0,0,0,14029,15493,16630,17055,17629,18186,2000,1700,1000,1000,1000,1000,1
2843,120000,2,2,2,28,1,2,2,2,2,2,108993,111266,112056,112819,111298,113290,5500,4100,4087,400,4000,8932,0
27431,230000,1,2,1,41,0,0,0,0,0,0,301038,305327,213058,216260,215968,174195,9405,7769,7757,8030,6549,5226,1
25007,230000,1,2,2,50,1,2,0,0,0,0,23674,23027,24185,25238,29803,34312,0,2000,1435,5000,5000,6000,1
4761,160000,1,3,2,30,0,0,0,0,0,0,160388,175167,127848,96066,93974,40170,142159,3592,7317,2312,1637,1074,0
23847,230000,2,1,2,53,-2,-2,-2,-2,-2,-2,0,742,0,0,596,4870,742,0,0,596,4870,0,0
8400,100000,2,2,2,32,2,0,0,0,2,2,50332,52644,54905,58133,60197,59226,3000,3000,4000,3000,0,4300,0
3897,320000,2,2,1,36,-2,-1,0,0,0,0,73024,66537,58762,43112,67290,62132,2904,2973,1579,40020,3127,1206,0
2405,50000,2,3,2,43,2,2,7,7,7,7,2400,2400,2400,2400,2400,2400,0,0,0,0,0,0,1
15907,110000,2,5,2,32,3,2,0,0,0,0,109655,98133,95391,79409,78014,77709,3500,3515,3307,3014,3009,4000,0
10996,50000,1,3,1,36,0,0,0,-1,-1,-2,10849,3701,4600,2300,0,0,1101,1000,2300,0,0,0,0
11250,150000,2,2,1,25,0,0,0,0,0,0,147476,140352,110722,98874,65258,58027,6640,4100,4000,2675,2500,1500,1
19637,50000,2,3,1,49,2,0,0,0,-2,-2,48297,50487,51400,0,0,0,3000,2400,0,0,0,0,1
3533,130000,1,2,2,26,-1,0,0,-1,-1,-1,296,1299,-1,500,0,936,1003,0,501,0,936,1002,1
1179,50000,1,2,2,24,0,0,0,0,0,0,49144,20818,17890,18310,17931,18633,1500,1300,700,1000,1000,1000,0
14288,80000,2,2,1,45,3,2,2,0,0,0,34282,35006,34144,34820,35553,36258,1567,0,1243,1291,1297,1500,1
12216,280000,2,2,1,39,2,3,2,2,2,2,186838,190570,194189,189806,201410,205479,8000,8000,0,14500,7300,7500,1
204,360000,2,2,1,48,0,0,0,0,0,0,226430,231878,234192,190211,173557,146511,9100,7300,5800,5600,5600,4100,0
26322,360000,2,1,2,36,0,0,0,0,0,2,308711,305594,306176,304645,315118,315782,11000,13000,11019,23000,13300,3,0
18361,130000,2,2,2,22,0,-1,-1,0,-1,0,8570,527,11249,7816,16578,16129,527,11249,1200,16578,0,33232,0
13503,10000,2,2,1,29,0,0,0,0,0,0,7170,8158,9593,10104,9923,8032,1500,2000,1000,313,356,3000,1
10525,20000,1,2,2,24,1,2,-1,0,-1,-1,12060,11047,780,390,12246,12409,0,780,0,12246,911,0,0
27280,180000,1,2,1,37,0,0,0,0,0,0,102937,104598,85805,87462,89162,91609,5000,4100,4010,4000,4000,4000,0
14353,30000,2,3,2,28,0,0,0,0,-1,-1,25354,24826,25412,21658,980,55,1650,1200,1000,1000,55,0,0
14654,300000,1,1,1,37,-1,-1,-2,-2,-2,-2,1943,0,0,0,0,0,0,0,0,0,0,0,0
7978,90000,2,2,1,36,-1,-1,-1,-1,-1,-1,685,0,490,850,1000,1360,0,490,850,1000,1360,0,1
21481,400000,2,1,2,29,-1,-1,-1,-1,-1,-1,3807,3168,372,20031,916,30979,3168,372,20231,916,30979,1984,0
16109,200000,2,1,2,31,0,0,0,0,0,0,191807,195618,200170,202965,155579,124488,8500,9200,8000,7000,5000,5000,0
5940,60000,2,1,2,25,0,0,0,0,0,0,51907,52997,53559,54716,54533,58085,1935,2000,2000,2000,6000,0,0
22301,400000,2,2,1,30,0,0,0,0,0,0,68835,60549,63047,65508,66954,68411,2600,3000,3000,2000,2002,3020,0
8479,160000,1,2,2,37,1,-2,-2,-2,-1,-1,0,0,0,0,461,603,0,0,0,461,603,829,0
1807,150000,2,2,2,27,0,0,0,0,0,0,23165,24515,25592,24949,26846,26908,1723,1800,1100,2300,1000,1300,0
4422,110000,2,2,1,34,0,0,0,0,0,0,24147,25750,27012,27762,32126,37779,2000,2000,1500,5000,6400,0,0
26934,210000,1,2,1,38,2,0,0,0,0,0,196426,194724,193397,195027,199236,203241,8405,8495,7800,7378,7800,6900,1
28673,190000,2,2,2,27,0,0,0,0,0,0,125739,126184,127189,122034,124837,128442,6000,6000,4000,5000,5000,7000,0
23641,180000,2,1,2,35,1,-2,-2,-2,-2,-2,-18,-18,-18,-18,-18,-18,0,0,0,0,0,0,1
8513,180000,1,2,1,40,0,0,0,0,0,0,126937,109884,49475,50840,50090,48345,5000,2000,2000,2000,2000,2000,1
8269,120000,2,1,2,37,2,2,2,2,2,2,744,744,744,1188,594,1038,444,444,888,0,888,0,1
21148,140000,1,2,1,39,0,0,0,0,0,0,136032,139118,134651,135350,129135,132035,5400,5000,6000,4700,5000,5400,0
6112,500000,1,1,2,28,-2,-2,-2,-1,2,-1,17155,0,0,1116,969,6745,0,0,1116,3,6745,5003,0
11718,20000,1,1,2,24,1,-2,-2,-2,-2,-1,0,0,0,0,0,1273,0,0,0,0,1273,0,1
2840,210000,2,2,2,32,-1,0,0,0,-1,-1,1952,2787,6316,6504,326,89599,1526,4000,514,326,89599,3292,0
21718,120000,2,2,2,26,0,0,0,0,0,2,87151,88304,89657,41720,29022,28422,3500,3103,1800,2381,0,1100,0
12121,40000,1,2,2,27,6,5,4,3,2,0,42055,41146,40114,38797,38244,38478,0,0,0,0,871,116,1
18519,130000,2,2,2,25,0,0,0,0,0,0,14351,10473,9429,10413,7874,7158,2000,3000,3000,4000,1000,2000,0
24599,280000,1,1,1,37,-1,0,0,0,0,0,33687,21575,23926,23102,22734,29434,5000,3000,10000,10000,16934,10234,0
29658,50000,1,3,1,41,0,0,0,0,0,0,49782,50741,48468,39203,28913,26636,1816,1753,1433,990,967,1071,0
21151,130000,1,1,2,42,-1,-1,-1,-1,-1,-1,836,836,836,836,836,836,836,836,836,836,836,836,0
21201,20000,1,2,2,30,3,2,3,3,5,4,15556,16987,18406,20795,20175,21265,2000,2000,3000,0,2000,0,0
21420,50000,2,2,2,27,2,0,0,0,2,2,16557,17975,20366,22710,23541,23027,2000,3000,3000,1500,0,1000,1
279,250000,2,2,1,31,0,0,0,0,0,0,103109,102594,97109,99029,100871,101299,4000,4500,5000,4000,5000,4400,0
20936,70000,1,2,2,35,1,2,2,0,0,0,44193,46168,45166,36283,20861,21374,3000,102,2400,894,1000,1000,1
28881,60000,2,3,1,39,1,2,0,0,2,0,31011,29565,31123,34134,23552,24020,0,3000,3638,0,1000,3000,0
4767,500000,1,1,1,50,1,2,2,2,2,2,74850,76463,77611,78735,80430,82068,3400,3000,3000,3100,3110,0,1
18163,200000,1,1,1,46,0,0,0,0,0,0,53643,54300,55039,55712,56421,57203,1765,1828,1811,1816,1880,4123,0
6280,180000,2,2,1,36,-1,-1,-2,-1,-1,-1,682,0,0,1012,0,669,0,0,1012,0,669,0,0
3649,20000,1,3,2,44,-1,2,-1,-1,-1,-1,780,390,390,390,390,0,0,390,390,390,0,780,0
11689,360000,2,1,2,29,-1,-1,-1,-1,-1,-1,5751,1501,624,0,1000,1866,1501,624,0,1000,1866,252,0
28401,20000,2,2,1,45,0,0,0,0,-1,-1,9779,9368,4494,5405,1000,3383,1063,1089,1000,3899,3383,0,0
9166,30000,1,2,2,25,2,2,4,3,2,2,18941,24602,23921,23259,22369,23408,6000,0,0,0,1800,0,1
15191,220000,2,2,2,28,0,0,0,0,0,0,224166,219085,213888,215125,216543,217390,8200,7729,9207,7917,7911,8203,0
18112,100000,1,1,2,32,0,0,0,0,0,0,81210,78785,69138,69604,69448,69744,3019,2600,3100,3000,3000,3000,0
25030,490000,1,2,1,57,0,0,0,0,0,0,59056,60236,62268,63264,62928,66334,2153,3000,2112,2124,6004,3024,0
19651,240000,2,2,1,32,0,0,-2,-2,-2,-2,12000,0,0,0,0,0,0,0,0,0,0,0,0
21257,250000,1,3,1,50,0,0,0,0,0,2,254893,258013,263493,268861,274444,290235,9316,9637,9765,10021,20300,10023,0
379,50000,1,2,2,31,0,0,0,0,0,0,20526,15129,15093,9577,11139,12487,2000,3000,327,3000,3000,5000,1
11154,10000,2,5,2,24,-1,0,0,0,0,-2,5742,4576,4139,2583,0,0,1500,2000,583,0,0,0,0
19710,300000,2,4,1,41,-1,-1,-1,-1,0,-1,3399,0,4358,862,862,287,0,4358,862,0,287,5159,0
10442,260000,1,1,2,37,0,0,0,0,0,0,36664,22228,39330,39880,78787,52790,1690,19342,15000,53787,22790,3217,0
8309,50000,2,2,2,37,0,0,0,0,0,0,67570,61248,54707,29250,29905,29519,3000,3000,2100,1500,1300,1200,0
13540,100000,1,2,1,28,-1,-1,-2,-2,-2,-2,10000,0,0,0,0,0,0,0,0,0,0,0,0
23189,100000,2,2,1,42,0,0,0,0,0,0,63984,65917,67673,66292,67793,67182,3000,4000,3000,2500,3000,2500,0
16500,50000,1,2,1,24,0,0,0,0,0,0,15524,16558,17596,18589,18997,18705,1300,1310,1300,700,1000,800,1
2471,20000,1,1,2,29,2,2,3,2,2,2,10512,12044,11562,11080,11700,12357,2000,0,0,800,1000,500,1
944,50000,2,2,2,23,-2,-2,-2,-2,-2,-2,3779,3944,2118,2259,3527,1100,3955,2124,2266,3638,1303,0,0
20075,250000,2,2,1,49,0,0,0,0,0,0,41075,31898,103675,91487,83374,67445,5000,94000,3000,7000,20006,30034,0
11343,50000,1,2,2,27,2,0,0,0,0,2,41932,38411,30659,30963,30505,28696,1600,1712,1016,2500,0,2848,1
28485,160000,2,3,1,39,-2,-2,-2,-2,-2,-2,6089,2376,0,0,0,0,2400,0,0,0,0,0,0
29481,360000,1,1,1,38,-1,-1,-1,-1,-1,-1,2513,5023,6664,11358,15479,20934,5066,6704,11415,15556,21039,19073,0
17568,80000,2,1,1,37,-1,-1,-2,-2,-2,-2,1330,0,0,0,0,0,0,0,0,0,0,0,0
2902,30000,2,2,2,33,0,0,0,0,0,0,25498,26149,26716,26918,27089,26277,1451,1408,1000,964,1136,716,1
15766,10000,2,1,2,22,1,3,3,2,0,0,6251,6498,6744,6977,6593,7481,500,500,500,242,1000,273,0
18782,150000,2,1,2,29,-1,-1,-2,-1,-1,-1,3305,0,0,1298,359,6100,0,0,1298,359,6100,0,0
20582,80000,1,3,1,29,0,0,0,0,0,0,52175,45429,46595,47224,46903,46973,2034,2200,1738,1796,1832,1842,0
23117,30000,2,5,1,33,0,0,0,0,0,0,25083,25244,26286,26458,26668,28195,1406,1838,1400,1000,2342,1000,0
13494,100000,2,2,1,46,0,0,0,0,0,0,98200,74247,71635,72809,74100,75316,3228,3000,2743,3000,3000,3000,0
23510,50000,2,1,2,32,0,0,0,0,0,0,5458,5175,12950,11188,12167,14873,1500,7956,3188,2200,7000,2810,0
13009,110000,2,2,1,49,-2,-2,-2,-2,-2,-2,115672,109892,67912,50994,40652,5785,5085,2044,2026,2097,1011,48179,0
22795,260000,2,2,1,33,0,0,0,0,0,0,151123,134736,135593,120909,102524,40157,4002,6067,10000,3000,40157,1466,1
27042,80000,1,2,3,40,0,0,0,0,0,0,72185,76854,72408,72832,46473,50329,12660,4573,3500,2000,5000,2000,0
24153,230000,1,1,2,29,0,0,2,2,0,0,41154,44121,43286,39215,39814,40437,4000,2500,0,3000,3000,5000,0
23927,20000,1,6,2,21,0,0,0,0,0,-2,13203,4443,3259,2969,0,0,1036,1132,2000,0,0,0,0
17224,20000,2,2,2,22,0,0,0,2,0,0,9848,11192,15677,15133,15582,16677,1515,5000,0,1000,1500,0,0
16851,20000,1,2,1,45,0,0,0,0,0,0,19473,19868,16749,17538,13840,7370,1896,1417,1206,284,147,4937,0
20209,30000,2,3,2,50,0,0,2,0,0,0,17891,19087,20078,20935,17228,17606,1800,1600,1600,1000,734,481,0
16740,20000,1,2,2,41,0,0,0,2,2,0,10142,10869,13940,14755,14223,15337,1200,3250,1340,0,1500,5000,1
1849,150000,1,1,2,28,-1,2,2,-2,-2,-2,1111,820,-311,-602,-893,-1184,0,0,0,0,0,0,1
17298,150000,2,2,2,34,0,0,0,0,0,0,18631,18831,15729,11907,14103,14413,3000,3000,1353,5000,3000,5000,0
8265,140000,1,2,1,46,0,0,0,0,0,-1,133899,137171,139414,97268,99960,86728,5425,4979,3715,4498,86728,2412,1
7432,30000,1,2,2,28,-1,-1,-1,-1,-1,-1,29617,4096,2058,540,13056,1690,4096,2064,540,13056,1690,16964,0
14535,240000,1,1,1,36,-1,-1,-2,-1,-1,-1,229,-167,-563,254,-142,344,0,0,1213,0,1032,0,0
11380,140000,1,2,1,48,0,0,0,0,0,0,80740,82439,84125,85968,88679,99558,3000,3060,3241,4264,12400,0,0
4745,160000,1,2,2,28,1,2,2,2,2,2,162761,164692,159948,161469,162129,154704,6000,14,12000,6000,0,11318,0
19274,180000,2,1,2,32,1,-2,-2,-1,-1,-2,-10,-10,-10,5650,-10,-10,0,0,5660,0,0,0,0
615,150000,1,1,2,33,0,0,0,0,0,0,21724,23168,23320,24085,24149,3323,2100,1200,965,64,509,8399,0
1312,320000,1,2,2,32,0,0,0,0,0,0,21460,23412,25331,25741,26800,28817,3000,3000,1500,2000,3000,2000,0
1277,50000,1,3,2,26,0,0,0,0,2,0,25060,26649,28202,30727,30098,32580,2000,2000,3000,0,3000,3000,0
7490,20000,1,2,1,36,1,2,2,2,2,0,19006,18418,20465,20381,18446,18598,0,2690,900,0,1000,1000,1
10697,280000,2,1,1,57,-1,-1,-1,2,2,3,929,1669,5707,4795,5328,4969,1669,4795,0,4115,0,0,0
11124,160000,1,1,2,29,-1,-1,-2,-2,-2,-2,2275,0,0,0,0,0,0,0,0,0,0,0,0
23375,110000,2,2,2,31,0,0,0,0,0,0,7398,2009,1651,1823,1208,0,1500,1177,1000,550,0,790,0
9173,30000,1,2,1,35,0,0,0,0,0,0,25989,27100,27868,28430,29077,29540,1533,1301,863,947,836,915,0
27554,40000,1,2,1,55,1,-2,-2,-2,-2,-2,-150,-540,-930,-1320,-1710,-2100,0,0,0,0,0,0,1
4653,10000,2,1,1,27,2,0,0,0,0,2,4920,5937,6945,7088,8108,8264,1256,1264,407,1291,435,0,0
3916,50000,1,3,2,26,2,0,0,0,0,0,50951,49139,46802,47622,48686,47459,2500,2100,1900,2000,1746,1890,1
771,260000,1,1,2,44,-1,-1,-1,-1,-1,-1,316,316,316,316,316,466,316,316,316,316,466,316,0
196,150000,2,2,1,34,-2,-2,-2,-2,-2,-2,0,0,0,116,0,1500,0,0,116,0,1500,0,0
9332,420000,2,1,1,30,-1,-1,-1,-1,-1,-1,3790,19292,15068,37435,-1896,18995,19292,15087,37435,287,25087,3046,0
676,190000,1,2,2,40,2,2,2,2,2,2,145613,156765,159386,161870,165725,169928,15000,6600,6500,6500,7000,7000,1
29999,50000,1,2,1,46,0,0,0,0,0,0,47929,48905,49764,36535,32428,15313,2078,1800,1430,1000,1000,1000,1
5033,320000,2,2,1,32,0,0,0,0,0,0,160832,164750,168370,169371,172868,150827,8000,8000,5500,6100,6000,5000,0
25955,150000,2,2,1,42,0,0,0,0,2,0,15878,10389,6067,4823,6208,4824,1300,1040,1378,1560,128,239,0
260,510000,2,1,2,29,0,0,0,0,0,0,78331,99414,107686,103776,87265,36739,40010,20094,5000,5001,25365,65000,0
14277,20000,2,2,3,47,1,2,2,0,0,0,17624,18342,17750,18102,18485,19175,1300,0,647,674,1000,582,0
18439,30000,2,3,2,23,0,0,0,0,0,0,33171,32678,32218,31963,30942,29945,1524,1537,1755,1207,1076,1188,0
10768,500000,1,1,1,41,2,0,0,0,0,0,564757,572834,430774,437950,447203,456453,19850,17200,15853,17000,17000,15740,1
15978,80000,2,2,1,41,0,0,0,0,0,2,79958,81662,78899,78245,62234,60737,3452,4066,3469,4630,0,2500,1
21759,50000,2,2,2,24,0,0,0,0,0,0,48393,49405,50934,7728,8390,48679,1814,2343,1137,799,41933,1943,1
17676,280000,2,1,1,35,2,-1,0,0,0,0,47,97767,99036,96383,86060,62312,99007,5000,3027,6025,2001,1903,0
29735,50000,1,3,1,40,2,0,0,0,0,0,48785,49762,49861,48660,7698,7463,2090,2450,1510,409,415,406,1
17997,360000,1,1,2,32,-2,-2,-2,-2,-2,-2,8971,2284,21669,-3,15866,-46,2303,21785,0,15869,0,0,0
5174,80000,2,3,3,29,-1,0,0,0,0,0,76121,70109,58186,56234,53229,45519,2456,2053,1812,1819,1686,1224,0
7226,130000,1,1,1,45,0,0,0,0,0,0,58180,59134,61156,62377,63832,65099,2886,2908,2129,2354,2366,2291,0
371,160000,1,1,2,30,-1,-1,-1,-1,-1,-1,99,2977,15086,8578,13028,21712,2977,15086,9123,13028,29712,50000,0
28059,80000,2,3,1,35,1,2,2,2,2,2,68423,70002,71389,73788,74463,72834,3300,3100,4204,2790,0,3043,1
5083,50000,2,2,1,52,-1,-1,-2,-2,-2,-1,600,972,0,0,0,6500,972,0,0,0,6500,1863,0
3553,40000,2,1,2,27,0,0,-1,-1,0,0,32228,38904,4235,87230,72647,65070,8040,4235,87230,3000,10000,4317,0
3903,50000,1,2,2,30,0,0,2,0,0,-2,2496,4533,4279,4592,0,0,2254,0,313,0,0,0,0
19798,70000,2,2,1,32,0,0,2,2,2,2,15623,18370,19281,18674,21361,21872,3009,1500,0,3000,1000,0,1
3176,160000,1,2,2,28,-1,-1,-1,-1,-1,-1,1390,550,550,550,550,550,550,550,550,550,550,550,0
3923,200000,2,3,1,41,-2,-2,-2,-2,-2,-2,-140,-70,-70,13968,6652,9696,0,0,14038,6684,9744,1046,0
3279,170000,2,2,1,48,-2,-2,-1,-1,-1,-1,18727,64028,107946,13608,110667,6878,66513,108323,13608,112876,3998,1118,0
5765,240000,1,2,1,33,0,0,0,0,0,0,225312,229394,232686,195509,198861,202057,8000,7400,6500,7000,7000,7000,0
2113,50000,1,2,2,33,0,0,0,0,0,0,48058,49348,41707,29358,29860,30461,2097,1456,1200,1100,1076,1200,1
17226,130000,2,2,2,24,0,0,0,0,0,0,121720,115630,115939,109428,90359,89216,4155,5802,3487,2908,3013,3093,0
11659,150000,2,3,1,45,0,0,0,0,0,0,59885,59054,60254,59604,60707,61988,2200,2200,2300,2213,2300,2245,0
12213,100000,2,1,2,28,-1,-1,-1,-1,-1,-1,557,1033,3667,2300,1132,2072,1033,3667,2300,1132,2072,2692,0
14851,100000,2,2,1,40,-2,-2,-2,-2,-2,-2,-14,1452,4091,3011,5955,0,1466,4091,3020,5955,0,2835,0
25520,210000,2,1,2,33,1,-2,-2,-2,-2,-2,0,0,0,0,0,0,0,0,0,0,0,0,0
16210,20000,2,2,1,46,0,0,0,0,0,0,10640,11252,12277,12287,12140,11990,1185,1600,1000,243,240,619,0
29082,260000,2,1,1,55,1,-2,-2,-2,-2,-2,0,0,0,0,0,0,0,0,0,0,0,0,0
28517,150000,2,2,2,34,0,0,0,0,0,0,39883,34983,23772,20410,14818,7565,2068,1331,1029,353,208,20711,0
5984,70000,1,1,2,33,0,0,0,0,0,0,63845,65443,65169,64370,15082,0,3224,1680,3000,142,142,0,0
7920,140000,1,1,2,37,0,-1,0,0,0,0,3351,64555,63796,55234,52959,50617,64555,2898,1890,2000,2000,1900,1
2256,30000,2,2,2,25,1,2,2,2,2,2,14149,15171,14635,15318,14930,16562,1543,0,1226,0,1882,0,1
28465,240000,2,1,1,40,-2,-2,-2,-2,-2,-2,0,0,0,0,0,0,0,0,0,0,0,0,1
25867,50000,2,2,1,45,0,0,0,0,0,0,48153,49073,12630,9215,9215,8011,2000,2022,2000,0,1000,1904,0
12171,370000,1,2,2,30,-1,-1,-1,-1,-1,-1,25588,1259,1259,3661,4484,24233,2096,1263,3665,4488,24262,11175,1
2965,50000,2,2,1,33,-1,0,0,0,0,0,25658,26539,27507,28299,12012,8923,1700,2080,3000,1000,1000,1000,0
29699,50000,1,2,2,32,0,0,0,0,0,-1,50962,50212,3800,50535,50525,1473,2264,1000,50042,2505,1473,12023,0
29165,70000,2,3,1,55,0,0,0,0,0,0,68467,64657,55201,26213,26734,27304,2249,1519,1435,956,1000,1060,0
8242,210000,2,2,1,50,1,-2,-2,-2,-2,-2,0,0,0,0,0,0,0,0,0,0,0,0,0
15822,20000,2,3,1,26,0,0,0,2,0,0,15271,16707,20601,19952,19586,18528,2000,4500,0,671,700,2000,1
11197,130000,1,3,1,54,3,3,2,0,0,0,131139,132596,127906,86109,81941,84545,6000,0,3029,4000,5000,3300,0
21146,30000,1,2,2,35,0,0,0,2,2,-2,21708,22583,25067,23237,0,0,1542,3026,0,0,0,0,1
12141,240000,1,2,1,50,-1,-1,-1,-1,-1,-1,419,419,419,419,419,419,419,419,419,419,419,419,0
25922,90000,2,1,2,29,-2,-2,-2,-2,-2,-2,-240,-240,-240,-240,-240,-240,0,0,0,0,0,0,0
7419,80000,1,1,2,29,-1,-1,2,0,0,0,2946,4599,1863,3309,1446,390,4599,0,1446,0,0,2493,0
15042,230000,1,3,2,39,-1,-1,-1,2,-1,0,948,1156,1728,1156,1172,396,1156,1728,0,1172,0,776,0
28991,160000,2,2,2,38,0,0,0,0,0,0,159637,155003,158156,153699,127366,117812,5580,5680,4950,4350,4300,4360,0
22758,210000,2,3,2,37,-1,-1,-1,-1,-1,-1,13438,9241,7924,13416,2228,4490,9315,7924,13421,2240,4490,10834,0
5266,230000,1,1,1,41,-1,-1,-1,-2,-2,-2,9360,9650,0,0,0,0,9650,0,0,0,0,0,0
25783,150000,2,1,2,37,-1,-1,-1,-1,0,0,20224,24837,4159,15089,2233,0,24840,4159,17589,0,0,500,0
18211,140000,1,1,1,41,0,0,0,0,0,0,44635,45891,48149,50341,51897,53058,2000,3000,3000,3000,2000,3000,0
0,20000,2,2,1,24,2,2,-1,-1,-2,-2,3913,3102,689,0,0,0,0,689,0,0,0,0,1
18882,200000,2,1,2,30,-1,-1,-1,-1,-1,-1,4800,2040,5961,1829,1652,584,2040,5961,1829,1652,584,5430,0
21196,230000,1,2,1,35,0,0,0,0,0,0,170413,166858,170323,172136,175550,179291,5976,6158,6247,6276,6562,7769,0
7718,150000,2,2,1,30,1,2,0,0,0,0,36472,33947,35518,30564,21849,25168,0,5035,5000,900,10000,7000,1
1226,240000,2,3,1,41,-1,-1,-2,-1,-1,-1,5325,-5,-5,1074,1972,1876,5,0,1079,1977,1885,1211,0
19349,50000,2,2,2,41,0,0,0,0,0,0,39859,38781,26823,26799,26536,27093,1501,2003,1420,937,972,1007,0
15712,170000,1,2,1,37,-2,-2,-2,-2,-2,-2,0,0,0,0,0,0,0,0,0,0,0,0,0
25467,110000,2,1,1,33,2,2,2,2,2,2,24178,25270,24669,26738,27201,26723,1700,0,2700,1100,0,875,1
28054,20000,2,2,1,32,3,2,2,7,7,7,2400,2400,2400,2400,2400,2400,0,0,0,0,0,0,1
9890,50000,1,1,2,42,-1,-1,0,0,0,0,12751,19660,14659,14951,14195,14471,22660,1300,519,518,515,528,0
13818,340000,2,2,1,32,0,0,0,0,0,0,34228,96716,74983,43557,15559,0,75113,2047,766,77,0,394,0
23013,440000,2,1,1,41,-1,-1,-1,0,0,0,3982,12516,15869,20849,331985,185315,16282,16031,23613,320008,5721,5376,0
5997,200000,2,3,2,26,0,0,0,0,0,2,22629,24943,27210,36359,39299,40428,3000,3000,10000,3700,2000,3000,0
10849,50000,2,2,2,38,0,-1,-1,0,0,0,4965,495,16982,17203,17577,17936,500,17000,800,800,800,900,0
17704,280000,2,2,1,41,0,0,0,0,0,0,9551,12848,15345,19211,22817,37323,5000,5000,5000,5000,16000,0,0
1072,350000,1,1,2,33,-1,-1,-1,-1,-1,-1,148341,8095,15047,3220,20461,3249,8405,15052,3805,20467,3253,27168,0
11752,290000,2,2,0,49,0,0,0,0,0,0,52547,53829,53841,54486,55198,55878,2542,1926,1931,1989,2002,2028,0
4171,220000,2,1,2,40,-1,-1,-1,-1,-1,-1,13654,12312,23031,7229,3942,2132,12312,23031,7234,3942,2132,5809,0
15386,20000,2,3,1,44,0,0,0,0,0,0,5636,6737,7832,8624,8800,9300,1200,1208,1000,176,500,0,0
8649,20000,2,1,2,22,0,0,0,0,2,0,3978,5249,6362,7256,6995,7228,1500,1362,1000,0,350,300,1
15500,50000,1,2,1,28,2,2,2,0,0,0,47237,50632,49546,49448,19887,38212,4500,0,1713,1003,699,800,1
24203,210000,1,1,1,31,0,0,0,0,0,0,140994,140224,141553,143811,144587,146802,5100,5201,5160,5200,5300,6150,0
18486,150000,2,3,1,26,0,0,0,0,0,-2,92802,91166,99655,100000,0,0,7500,10000,2000,0,0,0,0
27671,20000,2,2,2,23,0,0,2,0,0,0,15675,17462,16895,17470,7500,7500,4492,0,1000,150,0,0,0
21018,10000,1,2,2,46,0,0,0,0,0,0,8866,9844,9319,18202,9287,0,1143,1218,1000,372,0,0,0
21037,80000,1,3,1,37,0,0,0,0,0,0,51925,51544,49430,46864,46473,48191,3018,2113,3007,2000,3000,20000,0
9527,50000,2,2,1,33,0,0,0,0,0,0,76025,78548,77882,79471,81121,1685,3750,1558,1589,1650,9980,0,1
10647,720000,2,1,1,45,0,0,0,0,0,0,125529,112933,105582,104501,83504,79411,8019,8043,10092,3020,2591,10081,0
22022,50000,2,1,2,26,1,-2,-2,-1,-1,-1,0,0,0,1363,0,1624,0,0,1363,0,1624,2349,0
20338,50000,2,3,1,58,1,3,2,2,2,2,39649,40194,41150,41670,42188,43360,1500,1900,1500,1500,2000,1500,0
24986,20000,1,3,1,38,0,0,-1,0,0,0,17860,11627,19648,18459,18824,19220,1400,19648,1307,672,698,718,0
11818,50000,1,3,1,59,0,0,-2,-2,-2,-2,51400,0,0,0,0,0,0,0,0,0,0,0,0
7602,10000,2,3,1,47,0,0,0,0,0,0,2855,3871,4883,5053,5275,0,1069,1081,251,375,0,0,1
29014,350000,2,1,2,32,-2,-1,-1,-1,0,0,24522,18876,5571,10978,9326,13255,18970,5594,11024,9317,13321,4019,0
4135,30000,2,1,2,25,3,2,0,0,0,0,14190,12900,11006,5584,5268,4112,0,2046,0,0,0,915,1
9587,30000,1,2,2,36,-1,-1,2,-1,-1,-1,3024,3462,390,240,2150,780,3462,0,240,2300,780,0,0
2111,320000,1,2,1,41,1,-2,-2,-2,-2,-2,0,0,0,0,700,860,0,0,0,700,860,2420,1
25963,180000,2,1,2,30,-2,-2,-2,-2,-2,-1,1490,3687,1352,960,4921,3031,3687,1352,960,4921,3031,2718,0
11262,120000,1,1,2,30,1,-2,-1,-1,-2,-2,0,0,1990,0,0,0,0,1990,0,0,0,0,0
28152,200000,2,1,1,40,1,-2,-2,-2,-2,-2,2418,0,0,0,0,0,0,0,0,0,0,0,0
19692,50000,2,3,1,37,-1,2,0,0,0,0,2564,2378,4167,5438,6193,6939,0,2000,1500,1000,1000,1000,0
27022,350000,1,2,1,42,0,0,0,0,0,0,195639,196554,177597,181702,176253,179190,7200,7000,7007,7000,6500,6500,0
15827,80000,2,2,2,26,0,0,0,0,0,0,80919,77264,79332,80969,79144,79023,3000,3700,4000,3000,3300,3050,0
23242,150000,2,2,1,40,0,-1,-1,-1,0,0,6369,5215,4090,51893,52033,51188,5215,4090,51893,2000,3000,2202,0
21860,470000,2,2,2,26,0,0,0,0,0,0,27134,26594,26805,24808,21101,17906,1500,1502,3696,1008,1006,1001,0
23976,200000,1,1,2,26,-2,-2,-2,-2,-2,-2,-4,909,6737,6012,5167,3132,913,6737,6031,5167,3132,2290,0
22493,110000,2,3,1,40,0,0,0,0,0,0,105055,105886,108819,79027,80709,82406,4058,4913,3000,3000,3000,3100,0
28720,130000,2,2,1,41,-1,0,-1,-1,-1,-1,2538,1866,1349,1609,635,849,1177,1349,1609,635,849,2893,0
24201,240000,1,2,1,31,0,0,0,0,0,0,168376,172809,176012,179175,180809,184383,7648,7900,8000,6500,6900,7000,0
20978,50000,1,2,1,41,0,0,0,0,0,0,43607,45375,46836,48635,19373,20129,2500,2500,3000,1500,2000,3000,0
24178,100000,1,1,2,27,1,2,0,0,0,0,108762,101941,99264,90972,100306,100536,25,4902,4118,30018,5060,3663,0
641,130000,2,3,1,28,0,0,0,0,-2,-2,100143,50456,50000,0,0,0,2500,1000,0,0,0,0,0
7267,30000,2,2,2,27,0,0,0,0,0,-2,11228,11814,5240,400,0,0,1104,1400,0,0,0,0,0
1192,270000,2,2,2,34,-1,-1,-1,-1,-1,-1,381,3376,2958,4154,5885,3129,3406,2983,4172,5912,3143,0,1
1424,90000,2,1,2,33,0,0,0,0,0,0,80919,87993,17316,18026,18559,19097,9000,1500,1000,824,1000,857,0
19620,50000,2,5,1,33,0,0,0,0,0,0,43268,39605,39702,39200,40000,0,2011,2000,1000,800,0,0,0
14098,20000,1,2,1,45,2,2,0,0,0,0,21136,20043,20192,19459,36290,19774,11,2505,2000,3000,1203,500,1
27190,230000,1,1,1,29,2,0,0,0,0,0,306836,295324,303082,307038,116506,19085,9062,10978,10361,2507,490,308,0
15479,360000,1,3,1,32,-2,-2,-2,-2,-2,-2,33597,-1,-1,-1,-1,-1,0,0,0,0,0,0,0
458,230000,2,2,1,41,-1,-1,-1,-1,-1,-1,819,18163,5473,8162,6985,9130,18163,5654,12887,6985,9130,6554,0
18381,30000,2,2,1,28,2,2,2,2,0,0,21588,20942,23691,23012,26105,30500,0,3100,0,3500,5000,1000,1
7782,50000,1,2,2,27,0,0,0,-1,2,0,50679,45126,37800,51457,50463,41758,2033,1900,51457,0,1642,1538,1
24819,150000,1,1,2,31,-1,-1,-1,-1,-1,-2,3056,834,5487,2003,-222,-222,834,5487,2020,51,0,6000,0
1751,10000,1,2,2,38,2,2,3,3,3,3,1050,1050,1050,1050,1050,1050,0,0,0,0,0,0,1
29264,60000,1,1,2,25,-1,0,0,0,0,0,1193,49461,51024,32215,31088,33581,48967,2530,1525,1200,3000,1400,0
3836,240000,2,2,2,27,-2,-2,-1,2,0,0,4400,0,1129,1129,1971,2059,0,1129,0,1000,496,1000,1
16273,30000,2,3,1,31,0,0,0,0,0,0,9388,10387,10624,11539,11771,9075,1162,1229,1144,376,329,345,0
21578,70000,2,1,2,25,-1,-1,-1,-1,-2,-1,1288,0,1999,0,0,842,0,1999,0,0,842,0,0
26219,100000,2,2,2,38,0,0,0,0,0,0,96707,89842,82669,70018,57847,43618,4070,4025,2511,1523,1292,1236,0
14190,50000,1,1,2,25,0,0,0,0,0,2,19456,20486,21241,21788,23281,22756,1645,1400,900,2000,0,1000,0
17954,200000,1,2,1,39,-1,-1,-1,-1,-1,-2,1543,1109,1048,1294,0,0,1109,1048,1294,0,0,0,0
10761,180000,1,1,2,27,-1,-1,-1,-1,-1,-1,2658,2014,536,1123,536,536,2014,536,1123,536,536,629,1
26244,500000,2,1,1,37,0,0,0,0,0,0,501369,505753,395522,312315,265742,248866,17204,13173,10143,7519,8866,7154,0
25964,120000,2,1,2,29,0,0,0,2,0,0,6385,9262,11793,11307,14102,15871,3000,2691,0,3000,2000,0,1
484,100000,2,2,1,43,-1,-1,-1,-1,-1,-1,2491,1709,574,556,2306,2562,1709,574,556,2306,2562,2111,0
18190,20000,1,1,1,36,0,0,0,2,0,0,16736,17834,20025,28806,14463,18668,1700,4000,300,10000,5000,1000,0
14312,300000,2,1,1,56,1,-2,-2,-2,-2,-2,0,0,0,0,0,0,0,0,0,0,0,0,1
20854,80000,1,2,1,34,2,2,2,0,0,0,81882,81814,78353,78814,49062,48764,3650,0,3328,1888,1787,1960,1
5052,100000,2,1,2,25,-1,0,0,-1,-1,0,16659,13585,7886,5578,8608,11756,10000,4000,5578,11756,10000,5470,0
13443,50000,2,3,2,35,0,0,0,0,0,0,9999,11020,12027,12109,12360,12602,1489,1496,578,594,596,613,0
24968,100000,1,1,2,37,2,2,0,0,2,2,38604,37688,38780,43592,44117,45165,0,2000,5800,1540,1900,1700,1
20781,240000,1,3,1,33,0,0,0,2,0,0,64853,67948,197032,169878,164926,160600,8000,157500,0,5759,5775,6407,0
13428,50000,2,3,2,22,2,2,2,0,0,0,42717,51319,50245,9246,18992,9697,9289,300,332,400,358,350,0
24432,380000,1,1,2,40,0,0,0,0,0,0,245069,251731,257028,266487,269786,265312,12000,10600,15000,9800,10000,10000,0
21670,100000,2,2,2,23,-1,-1,-1,0,-1,-1,892,2180,10876,11714,7177,10455,2180,10876,3000,7177,10455,2819,0
28354,100000,2,2,1,39,-2,-2,-2,-2,-2,-2,518,0,0,0,0,0,0,0,0,0,0,0,0
24025,20000,1,2,1,26,3,2,2,3,3,3,1050,1050,1050,1050,1050,1050,0,0,0,0,0,0,1
17857,140000,1,1,2,25,0,0,0,0,0,0,92465,93536,96820,97000,97467,79872,3500,4790,3092,3148,2981,3912,0
10197,180000,1,1,2,32,0,0,0,0,0,0,63461,54673,53358,41379,32620,19061,3018,3071,3042,1161,3023,32,0
23096,690000,2,3,2,34,0,0,0,0,0,-1,390757,397292,390166,360568,331674,160287,14724,19118,7415,20348,160671,91323,0
24793,240000,1,1,2,46,1,2,-1,-1,-1,-1,102318,94453,5411,8513,4626,5329,468,5784,8548,4630,5334,27898,1
8691,310000,2,2,1,34,-1,-1,-1,-1,-1,-1,3595,4073,11263,2710,2371,2318,4073,11321,2710,2371,2318,4352,0
14282,70000,2,1,2,24,0,0,0,0,0,0,69023,70601,70426,69013,58329,51271,3600,2500,2100,2128,3000,0,0
8280,40000,2,1,2,27,1,-1,-1,-2,-1,-1,0,450,0,0,247,0,450,0,0,247,0,0,0
5925,290000,2,2,1,53,-1,-1,-1,-1,-1,-1,1538,199,1440,1017,3798,4898,199,1440,1017,3798,4898,5034,0
5688,270000,2,1,2,32,0,0,0,0,0,-1,25343,40414,39956,39827,9456,386,20000,5000,5000,1000,386,0,0
7609,160000,2,2,1,35,-1,-1,-2,-2,-1,-1,549,0,0,0,1893,0,0,0,0,1893,0,177,0
20015,160000,2,1,2,35,-1,-1,-1,-1,-1,-2,3027,1116,2179,5468,80,1314,1116,2183,5468,80,1314,0,0
7503,30000,2,2,2,23,2,2,2,0,0,2,21034,27321,26589,27050,29446,28825,7000,0,1200,3000,0,2000,1
26289,230000,2,2,1,43,0,0,0,0,0,0,41435,42106,43532,44504,44267,45564,1674,3000,2011,1574,2000,2000,0
20133,110000,2,3,2,46,0,0,0,0,0,0,44590,45846,47104,48325,0,49461,2000,2000,2000,2000,0,2000,1
1920,100000,2,1,1,51,1,-2,-2,-1,2,2,0,0,0,300,150,780,0,0,300,0,630,0,1
27614,190000,2,2,2,24,0,-1,0,0,0,0,15740,106602,100177,102308,104614,106847,106602,3700,3800,4000,4075,10000,0
2208,80000,1,1,1,45,1,-2,-1,-1,-1,-1,-50,-440,170,-220,390,0,0,1000,0,1000,0,780,0
761,140000,2,2,2,24,-1,-1,-2,-1,-1,-2,197,0,0,233,0,0,0,0,233,0,0,0,0
20106,260000,2,2,1,30,0,0,0,0,0,0,147565,149777,151583,155493,158624,161902,7129,5179,5276,4537,4670,4717,0
29452,10000,1,2,2,30,0,0,0,0,0,2,8107,8724,9191,9800,10072,9766,1298,1155,1154,1206,0,399,1
11061,70000,1,2,1,45,0,0,0,0,0,0,31218,32321,41713,42233,43288,46001,1608,10000,1511,1735,3600,0,1
5808,640000,1,1,2,36,0,0,0,0,0,0,192325,68891,71564,32968,37541,42064,4000,4000,3000,5000,5000,3000,0
7846,30000,1,2,2,24,1,2,2,2,0,0,27262,26545,28590,27831,28433,30257,0,2800,0,1050,2300,0,1
11835,280000,1,2,1,36,0,0,-2,-2,-2,-2,143650,0,0,0,0,0,0,0,0,0,0,0,0
8925,20000,1,3,1,51,0,0,0,0,2,2,14341,15371,16375,18905,19462,18967,1266,1270,2800,1000,0,512,1
15245,300000,2,2,1,27,-2,-2,-2,-2,-2,-2,2200,1378,1109,0,474,337,1378,1422,0,474,337,1394,0
13194,220000,1,2,1,43,0,0,0,0,0,0,84466,84356,84151,83591,83789,83885,4000,4000,3500,3500,3500,3500,0
1492,60000,2,3,2,48,2,0,0,0,0,0,43533,39252,38051,37988,38725,39685,1700,1700,2000,1500,1600,1000,0
29585,20000,1,2,2,39,-1,0,0,2,0,0,18646,17746,19953,19183,17703,12100,2000,3200,0,0,1100,0,1
25162,130000,2,1,2,30,2,3,2,2,0,0,9123,8830,9533,10220,10353,10636,0,1000,1000,600,600,400,1
733,160000,2,1,1,37,-1,-1,-1,-1,-1,-1,316,316,0,316,632,0,316,0,316,632,0,316,0
14927,50000,1,2,2,25,-1,2,2,-2,-2,-2,1170,780,0,0,0,0,0,0,0,0,0,0,1
7470,170000,2,2,2,28,0,0,0,0,0,0,169531,174799,179868,177952,176160,175304,8000,8000,7000,7000,8000,9000,0
11021,200000,1,2,1,38,0,0,0,0,0,0,8565,86497,138640,75983,44160,34671,85000,60000,3500,2000,2000,2000,0
23366,30000,2,2,1,37,-2,-2,-2,-2,-2,-2,108,709,11726,2628,2659,4483,709,11726,2713,2659,4483,3676,0
1307,330000,2,2,1,28,-1,-1,-1,-1,-1,-1,390,0,780,150,320,780,0,780,150,320,1000,0,0
27303,120000,1,1,2,31,0,0,0,0,0,0,64670,68574,71849,74974,83137,51377,5000,5000,5000,10000,5000,5000,0
8271,60000,2,1,2,32,0,0,0,0,0,0,31142,31473,31684,31837,32246,32122,1842,2000,2000,2000,1500,3000,0
4044,180000,2,2,1,30,0,0,0,0,0,0,27225,28245,26743,28943,30943,0,1765,1000,2200,2000,0,0,0
27218,200000,1,3,2,31,0,0,0,-2,-1,0,6492,6069,-202,1201,1200,0,1050,0,1302,100,0,0,0
19964,210000,2,1,2,44,-1,-1,-1,-1,-1,-1,4925,32767,6273,5651,9103,8660,32930,6975,5661,9109,8664,8917,0
19043,80000,2,2,2,23,0,0,-2,-2,-2,-2,68850,0,0,0,0,0,0,0,0,0,0,0,0
20912,180000,1,1,2,34,-2,-2,-2,-2,-2,-2,0,0,0,0,0,0,0,0,0,0,0,0,0
5126,30000,2,5,2,23,2,2,-1,-1,-1,-1,2826,2068,16952,15336,24336,436,0,16952,16104,14000,486,0,0
15876,50000,2,2,2,23,0,0,0,0,0,0,26871,19785,10103,9763,9592,7797,1500,1500,1500,1500,1200,1300,0
7773,80000,2,3,1,44,-1,-1,-1,-2,-2,-2,5730,5837,0,0,0,0,5837,0,0,0,0,0,0
18767,250000,2,1,2,28,0,0,0,-1,-1,-2,3731,4695,7604,2919,0,0,1000,3000,3000,0,0,0,0
27722,140000,2,1,2,24,2,0,0,0,2,0,778,982,1206,5430,4460,8429,980,1000,5000,0,5000,10000,0
24589,100000,1,2,2,28,-2,-2,-2,-2,-1,-1,0,0,0,0,60,210,0,0,0,60,300,3700,0
58,200000,2,1,2,34,-1,3,2,2,2,2,1587,1098,782,1166,700,1414,0,0,700,0,1200,0,0
24388,490000,1,1,1,39,0,0,-1,-1,0,0,189460,16769,2310,48409,296319,181627,16405,2324,25053,280695,17398,160111,0
26465,140000,2,2,2,50,0,0,0,0,0,0,128949,133778,131241,25994,25769,24552,7000,6000,3000,5000,4000,6000,1
14637,10000,2,3,3,52,2,0,0,2,0,0,9970,9625,9622,7773,5968,5380,2001,1801,0,700,1300,3200,1
12099,260000,2,2,1,40,0,0,0,0,0,0,138602,135999,133752,135053,133888,132486,4870,6307,5007,5015,4773,4770,0
9835,80000,2,1,2,32,0,0,0,0,2,2,60918,62445,63905,67943,68811,70526,2500,2500,5100,2100,3000,3000,0
24956,60000,1,2,2,31,0,0,0,0,-1,0,53954,57469,37861,60993,2343,6707,5000,5000,25500,3000,6000,5000,0
14697,360000,2,2,2,28,3,2,2,-2,-2,-2,2500,2500,0,0,0,0,0,0,0,0,0,0,1
25177,50000,2,3,1,22,1,4,3,2,0,0,20065,21044,20433,19799,19262,19124,1600,0,0,900,700,700,0
16137,50000,2,3,1,36,-2,2,2,0,0,0,51741,96172,48827,38600,19541,19795,300,5222,2034,744,5200,790,1
17203,50000,2,2,2,29,2,2,2,2,2,0,43629,46376,45354,49086,48027,49037,3790,0,4500,0,1751,1736,1
25203,30000,2,2,1,22,0,-1,-1,-1,-1,-1,3118,2411,1260,1179,-101,890,2414,1260,1181,101,991,579,0
21509,30000,2,2,1,23,6,5,4,4,3,2,40439,37936,36489,33971,31632,28677,0,1011,0,0,0,2405,1
22170,100000,2,1,2,28,0,0,0,0,0,0,29086,19091,17916,12233,6741,-24,1400,1506,1209,0,0,0,0
13444,320000,1,1,1,48,2,2,2,2,2,2,201932,215392,218370,220977,225021,221730,18300,8000,7700,7700,0,7900,1
5051,20000,2,1,2,23,0,0,0,-2,-2,-1,11967,5252,-340,-780,-780,780,1031,650,0,0,1560,150,0
7385,10000,2,3,1,49,0,0,0,0,0,0,6904,7841,9635,17622,8991,0,1206,2000,176,360,0,0,0
22489,300000,2,1,2,30,-1,-1,-1,-1,0,0,515,200,208,2609,2040,1341,200,208,2610,0,0,0,0
3527,20000,2,2,1,50,1,2,2,2,3,2,7973,9686,9382,10821,10361,10046,2000,0,1600,0,0,1500,0
9302,300000,1,1,2,41,-1,-1,-1,-1,-1,-1,2930,1610,0,800,0,1951,1610,0,800,0,1951,0,0
28257,210000,2,3,1,36,-1,-1,-1,-1,-1,-1,1168,1511,0,1783,1000,150,1511,0,1783,1000,150,14780,0
8199,240000,1,1,2,29,0,0,0,0,0,-1,61888,12310,12073,9643,-8074,108493,5022,4014,113,6423,120000,15000,0
13284,50000,2,3,1,46,0,0,0,0,0,2,51207,47915,49073,47889,51139,49000,2162,2284,2100,4200,0,4200,0
766,110000,2,2,1,35,0,0,0,0,0,0,81665,46070,34419,36829,38080,40434,2460,2000,3000,2000,3000,5000,0
6297,440000,2,2,2,27,-1,0,0,0,0,0,25154,27028,29098,21447,13547,16008,10011,5052,3163,5010,5000,5000,0
8764,70000,2,2,2,22,0,0,0,0,0,0,24817,27424,28406,29013,29625,30404,3018,1500,1000,1001,1191,1000,0
5886,20000,1,2,2,23,1,2,2,2,2,0,4673,6433,6181,6778,6524,8408,2000,0,700,0,2000,2000,0
17249,180000,2,1,1,42,0,0,0,0,0,0,79216,80905,82708,84433,86134,88251,3000,3100,3100,3100,3500,8400,1
19866,160000,2,2,1,39,0,0,-2,-2,-1,-1,106260,0,0,0,390,86188,0,0,0,390,86188,3272,0
24690,180000,1,3,2,41,0,0,0,0,0,0,183047,182506,183363,183013,142048,142570,6704,6973,7023,7000,6000,5357,0
26541,30000,2,2,1,51,-2,-2,-2,-2,-2,-2,1724,1222,4952,6693,22761,10044,1222,4972,7629,22817,10056,298,1
28591,360000,2,1,1,47,2,2,-2,-2,-2,-2,2500,0,0,0,0,0,0,0,0,0,0,0,1
23631,350000,2,2,1,43,-2,-2,-2,-2,-2,-1,2124,3027,2448,4590,0,430,3048,2460,4616,0,430,430,0
6897,120000,1,2,2,32,1,2,2,2,2,2,60316,61763,63154,64524,66345,68104,3000,3000,3000,3000,3000,0,1
